url,strategy,finalUrl,fetchedAt,performance,accessibility,bestPractices,seo,fcpMs,lcpMs,speedIndexMs,totalBlockingTimeMs,cls,interactiveMs,fcp,lcp,speedIndex,totalBlockingTime,clsDisplay,status,error
https://b2bindustrial.in/about,mobile,https://b2bindustrial.in/about,2026-07-14T06:23:57.123Z,98,98,100,100,902,2264,2381,0,0,2265,0.9 s,2.3 s,2.4 s,0 ms,0,success,
https://b2bindustrial.in/about,desktop,https://b2bindustrial.in/about,2026-07-14T06:24:12.050Z,100,98,100,100,262,481,1057,0,0,481,0.3 s,0.5 s,1.1 s,0 ms,0,success,
https://b2bindustrial.in/blog/ai-predictive-maintenance-industrial-plants,mobile,https://b2bindustrial.in/blog/ai-predictive-maintenance-industrial-plants,2026-07-14T06:24:36.445Z,100,96,100,100,902,1215,2030,0,0,1215,0.9 s,1.2 s,2.0 s,0 ms,0,success,
https://b2bindustrial.in/blog/ai-predictive-maintenance-industrial-plants,desktop,https://b2bindustrial.in/blog/ai-predictive-maintenance-industrial-plants,2026-07-14T06:24:51.565Z,99,95,100,100,242,335,1263,0,0.002362586686856879,335,0.2 s,0.3 s,1.3 s,0 ms,0.002,success,
https://b2bindustrial.in/blog/annual-energy-audit-manufacturing,mobile,https://b2bindustrial.in/blog/annual-energy-audit-manufacturing,2026-07-14T06:25:08.281Z,100,94,100,100,901,1211,2388,0,0,1211,0.9 s,1.2 s,2.4 s,0 ms,0,success,
https://b2bindustrial.in/blog/annual-energy-audit-manufacturing,desktop,https://b2bindustrial.in/blog/annual-energy-audit-manufacturing,2026-07-14T06:25:22.766Z,100,93,100,100,242,303,952,0,0.002362586686856879,303,0.2 s,0.3 s,1.0 s,0 ms,0.002,success,
https://b2bindustrial.in/blog/battery-energy-storage-factory-backup,mobile,https://b2bindustrial.in/blog/battery-energy-storage-factory-backup,2026-07-14T06:25:49.417Z,100,96,100,100,901,1211,2227,0,0,1211,0.9 s,1.2 s,2.2 s,0 ms,0,success,
https://b2bindustrial.in/blog/battery-energy-storage-factory-backup,desktop,https://b2bindustrial.in/blog/battery-energy-storage-factory-backup,2026-07-14T06:26:05.176Z,100,95,100,100,241,290,946,0,0.002362586686856879,290,0.2 s,0.3 s,0.9 s,0 ms,0.002,success,
https://b2bindustrial.in/blog/bee-energy-audit-process,mobile,https://b2bindustrial.in/blog/bee-energy-audit-process,2026-07-14T06:26:19.148Z,100,96,100,100,901,901,1942,0,0,901,0.9 s,0.9 s,1.9 s,0 ms,0,success,
https://b2bindustrial.in/blog/bee-energy-audit-process,desktop,https://b2bindustrial.in/blog/bee-energy-audit-process,2026-07-14T06:26:34.701Z,100,95,100,100,241,281,818,0,0.002362586686856879,281,0.2 s,0.3 s,0.8 s,0 ms,0.002,success,
https://b2bindustrial.in/blog/cpcb-4-plus-dg-norms,mobile,https://b2bindustrial.in/blog/cpcb-4-plus-dg-norms,2026-07-14T06:26:49.689Z,100,94,100,100,901,901,2163,0,0,901,0.9 s,0.9 s,2.2 s,0 ms,0,success,
https://b2bindustrial.in/blog/cpcb-4-plus-dg-norms,desktop,https://b2bindustrial.in/blog/cpcb-4-plus-dg-norms,2026-07-14T06:27:02.725Z,100,93,100,100,241,251,795,0,0.002362586686856879,251,0.2 s,0.3 s,0.8 s,0 ms,0.002,success,
https://b2bindustrial.in/blog/cpcb-emission-monitoring-factories,mobile,https://b2bindustrial.in/blog/cpcb-emission-monitoring-factories,2026-07-14T06:27:17.855Z,100,96,100,100,901,1210,1993,0,0,1210,0.9 s,1.2 s,2.0 s,0 ms,0,success,
https://b2bindustrial.in/blog/cpcb-emission-monitoring-factories,desktop,https://b2bindustrial.in/blog/cpcb-emission-monitoring-factories,2026-07-14T06:27:32.448Z,100,95,100,100,260,260,820,0,0,260,0.3 s,0.3 s,0.8 s,0 ms,0,success,
https://b2bindustrial.in/blog/digital-twins-energy-efficiency,mobile,https://b2bindustrial.in/blog/digital-twins-energy-efficiency,2026-07-14T06:27:48.139Z,100,96,100,100,902,1221,2262,0,0,1221,0.9 s,1.2 s,2.3 s,0 ms,0,success,
https://b2bindustrial.in/blog/digital-twins-energy-efficiency,desktop,https://b2bindustrial.in/blog/digital-twins-energy-efficiency,2026-07-14T06:28:02.172Z,100,95,100,100,242,291,791,0,0.002362586686856879,291,0.2 s,0.3 s,0.8 s,0 ms,0.002,success,
https://b2bindustrial.in/blog/electrical-safety-audit-checklist,mobile,https://b2bindustrial.in/blog/electrical-safety-audit-checklist,2026-07-14T06:28:16.444Z,100,96,100,100,901,1221,2365,0,0,1221,0.9 s,1.2 s,2.4 s,0 ms,0,success,
https://b2bindustrial.in/blog/electrical-safety-audit-checklist,desktop,https://b2bindustrial.in/blog/electrical-safety-audit-checklist,2026-07-14T06:28:39.535Z,99,95,100,100,470,470,1357,0,0,470,0.5 s,0.5 s,1.4 s,0 ms,0,success,
https://b2bindustrial.in/blog/electrical-thermography-importance,mobile,https://b2bindustrial.in/blog/electrical-thermography-importance,2026-07-14T06:29:09.008Z,100,94,100,100,902,1219,2254,0,0,1219,0.9 s,1.2 s,2.3 s,0 ms,0,success,
https://b2bindustrial.in/blog/electrical-thermography-importance,desktop,https://b2bindustrial.in/blog/electrical-thermography-importance,2026-07-14T06:29:24.009Z,100,93,100,100,242,251,808,0,0.002362586686856879,251,0.2 s,0.3 s,0.8 s,0 ms,0.002,success,
https://b2bindustrial.in/blog/energy-audit-cost-india,mobile,https://b2bindustrial.in/blog/energy-audit-cost-india,2026-07-14T06:29:38.378Z,100,96,100,100,901,1201,2134,0,0,1201,0.9 s,1.2 s,2.1 s,0 ms,0,success,
https://b2bindustrial.in/blog/energy-audit-cost-india,desktop,https://b2bindustrial.in/blog/energy-audit-cost-india,2026-07-14T06:29:51.569Z,100,95,100,100,258,258,814,0,0,258,0.3 s,0.3 s,0.8 s,0 ms,0,success,
https://b2bindustrial.in/blog/environmental-compliances-guide,mobile,https://b2bindustrial.in/blog/environmental-compliances-guide,2026-07-14T06:30:05.178Z,100,94,100,100,901,1212,2325,0,0,1212,0.9 s,1.2 s,2.3 s,0 ms,0,success,
https://b2bindustrial.in/blog/environmental-compliances-guide,desktop,https://b2bindustrial.in/blog/environmental-compliances-guide,2026-07-14T06:30:20.602Z,100,93,100,100,241,256,836,0,0.002362586686856879,256,0.2 s,0.3 s,0.8 s,0 ms,0.002,success,
https://b2bindustrial.in/blog/esg-compliance-industrial-sites,mobile,https://b2bindustrial.in/blog/esg-compliance-industrial-sites,2026-07-14T06:30:36.427Z,100,96,100,100,902,902,1988,0,0,902,0.9 s,0.9 s,2.0 s,0 ms,0,success,
https://b2bindustrial.in/blog/esg-compliance-industrial-sites,desktop,https://b2bindustrial.in/blog/esg-compliance-industrial-sites,2026-07-14T06:30:50.317Z,100,95,100,100,248,309,905,0,0.002362586686856879,309,0.2 s,0.3 s,0.9 s,0 ms,0.002,success,
https://b2bindustrial.in/blog/fire-safety-compliance-factory-act,mobile,https://b2bindustrial.in/blog/fire-safety-compliance-factory-act,2026-07-14T06:31:17.623Z,100,94,100,100,901,901,1884,0,0,901,0.9 s,0.9 s,1.9 s,0 ms,0,success,
https://b2bindustrial.in/blog/fire-safety-compliance-factory-act,desktop,https://b2bindustrial.in/blog/fire-safety-compliance-factory-act,2026-07-14T06:31:31.745Z,100,93,100,100,266,306,1106,0,0,306,0.3 s,0.3 s,1.1 s,0 ms,0,success,
https://b2bindustrial.in/blog/hvac-maintenance-best-practices,mobile,https://b2bindustrial.in/blog/hvac-maintenance-best-practices,2026-07-14T06:31:47.053Z,100,94,100,100,918,1218,1884,0,0,1218,0.9 s,1.2 s,1.9 s,0 ms,0,success,
https://b2bindustrial.in/blog/hvac-maintenance-best-practices,desktop,https://b2bindustrial.in/blog/hvac-maintenance-best-practices,2026-07-14T06:32:00.097Z,100,93,100,100,241,292,909,0,0.002362586686856879,292,0.2 s,0.3 s,0.9 s,0 ms,0.002,success,
https://b2bindustrial.in/blog/,mobile,https://b2bindustrial.in/blog/,2026-07-14T06:32:15.158Z,100,100,100,100,902,902,2202,0,0,902,0.9 s,0.9 s,2.2 s,0 ms,0,success,
https://b2bindustrial.in/blog/,desktop,https://b2bindustrial.in/blog/,2026-07-14T06:32:31.346Z,100,100,100,100,241,271,810,0,0.002362586686856879,272,0.2 s,0.3 s,0.8 s,0 ms,0.002,success,
https://b2bindustrial.in/blog/industrial-water-risk-management,mobile,https://b2bindustrial.in/blog/industrial-water-risk-management,2026-07-14T06:32:46.502Z,100,96,100,100,901,909,1943,0,0,909,0.9 s,0.9 s,1.9 s,0 ms,0,success,
https://b2bindustrial.in/blog/industrial-water-risk-management,desktop,https://b2bindustrial.in/blog/industrial-water-risk-management,2026-07-14T06:33:00.798Z,98,95,100,100,241,343,1633,0,0.002362586686856879,343,0.2 s,0.3 s,1.6 s,0 ms,0.002,success,
https://b2bindustrial.in/blog/industry-5-human-centric-safety,mobile,https://b2bindustrial.in/blog/industry-5-human-centric-safety,2026-07-14T06:33:16.410Z,100,96,100,100,902,913,2055,0,0,913,0.9 s,0.9 s,2.1 s,0 ms,0,success,
https://b2bindustrial.in/blog/industry-5-human-centric-safety,desktop,https://b2bindustrial.in/blog/industry-5-human-centric-safety,2026-07-14T06:33:31.641Z,100,95,100,100,242,242,856,0,0.002362586686856879,242,0.2 s,0.2 s,0.9 s,0 ms,0.002,success,
https://b2bindustrial.in/blog/lightning-protection-systems,mobile,https://b2bindustrial.in/blog/lightning-protection-systems,2026-07-14T06:33:45.256Z,100,94,100,100,902,1052,1952,0,0,1052,0.9 s,1.1 s,2.0 s,0 ms,0,success,
https://b2bindustrial.in/blog/lightning-protection-systems,desktop,https://b2bindustrial.in/blog/lightning-protection-systems,2026-07-14T06:33:58.346Z,100,93,100,100,241,287,851,0,0.002362586686856879,287,0.2 s,0.3 s,0.9 s,0 ms,0.002,success,
https://b2bindustrial.in/blog/smart-factory-readiness-india,mobile,https://b2bindustrial.in/blog/smart-factory-readiness-india,2026-07-14T06:34:10.324Z,100,96,100,100,901,901,1910,0,0,901,0.9 s,0.9 s,1.9 s,0 ms,0,success,
https://b2bindustrial.in/blog/smart-factory-readiness-india,desktop,https://b2bindustrial.in/blog/smart-factory-readiness-india,2026-07-14T06:34:22.392Z,100,95,100,100,242,282,740,0,0.002362586686856879,282,0.2 s,0.3 s,0.7 s,0 ms,0.002,success,
https://b2bindustrial.in/blog/supply-chain-resilience-industrial-operations,mobile,https://b2bindustrial.in/blog/supply-chain-resilience-industrial-operations,2026-07-14T06:34:35.232Z,100,96,100,100,925,1225,2356,0,0,1225,0.9 s,1.2 s,2.4 s,0 ms,0,success,
https://b2bindustrial.in/blog/supply-chain-resilience-industrial-operations,desktop,https://b2bindustrial.in/blog/supply-chain-resilience-industrial-operations,2026-07-14T06:34:49.357Z,100,95,100,100,241,281,789,0,0.002362586686856879,281,0.2 s,0.3 s,0.8 s,0 ms,0.002,success,
https://b2bindustrial.in/blog/thermal-imaging-fire-risk-prevention,mobile,https://b2bindustrial.in/blog/thermal-imaging-fire-risk-prevention,2026-07-14T06:35:03.080Z,100,96,100,100,918,1218,2033,0,0,1218,0.9 s,1.2 s,2.0 s,0 ms,0,success,
https://b2bindustrial.in/blog/thermal-imaging-fire-risk-prevention,desktop,https://b2bindustrial.in/blog/thermal-imaging-fire-risk-prevention,2026-07-14T06:35:16.564Z,100,95,100,100,241,251,777,0,0.002362586686856879,251,0.2 s,0.3 s,0.8 s,0 ms,0.002,success,
https://b2bindustrial.in/case-studies/cement-plant-energy-audit,mobile,https://b2bindustrial.in/case-studies/cement-plant-energy-audit,2026-07-14T06:35:30.444Z,99,94,100,100,901,2101,2611,0,0,2101,0.9 s,2.1 s,2.6 s,0 ms,0,success,
https://b2bindustrial.in/case-studies/cement-plant-energy-audit,desktop,https://b2bindustrial.in/case-studies/cement-plant-energy-audit,2026-07-14T06:35:43.671Z,100,94,100,100,241,244,795,0,0.002362586686856879,244,0.2 s,0.2 s,0.8 s,0 ms,0.002,success,
https://b2bindustrial.in/case-studies/textile-industry-energy-audit,mobile,https://b2bindustrial.in/case-studies/textile-industry-energy-audit,2026-07-14T06:36:00.723Z,99,94,100,100,901,1959,2337,0,0,1959,0.9 s,2.0 s,2.3 s,0 ms,0,success,
https://b2bindustrial.in/case-studies/textile-industry-energy-audit,desktop,https://b2bindustrial.in/case-studies/textile-industry-energy-audit,2026-07-14T06:36:17.119Z,99,94,100,100,242,446,1169,0,0.002362586686856879,446,0.2 s,0.4 s,1.2 s,0 ms,0.002,success,
https://b2bindustrial.in/clients,mobile,https://b2bindustrial.in/clients,2026-07-14T06:36:32.747Z,99,98,92,100,1531,1531,2114,0,0,1531,1.5 s,1.5 s,2.1 s,0 ms,0,success,
https://b2bindustrial.in/clients,desktop,https://b2bindustrial.in/clients,2026-07-14T06:36:48.727Z,100,98,92,100,431,431,824,0,0.002362586686856879,431,0.4 s,0.4 s,0.8 s,0 ms,0.002,success,
https://b2bindustrial.in/contact,mobile,https://b2bindustrial.in/contact,2026-07-14T06:37:05.946Z,100,98,100,100,901,1224,2165,0,0,1224,0.9 s,1.2 s,2.2 s,0 ms,0,success,
https://b2bindustrial.in/contact,desktop,https://b2bindustrial.in/contact,2026-07-14T06:37:22.498Z,100,98,100,100,241,304,914,0,0.002362586686856879,304,0.2 s,0.3 s,0.9 s,0 ms,0.002,success,
https://b2bindustrial.in/careers,mobile,https://b2bindustrial.in/careers,2026-07-14T06:37:37.934Z,100,100,100,100,902,1211,2315,0,0,1211,0.9 s,1.2 s,2.3 s,0 ms,0,success,
https://b2bindustrial.in/careers,desktop,https://b2bindustrial.in/careers,2026-07-14T06:37:51.589Z,100,100,100,100,241,329,818,0,0.00003906657319547073,329,0.2 s,0.3 s,0.8 s,0 ms,0,success,
https://b2bindustrial.in/faq,mobile,https://b2bindustrial.in/faq,2026-07-14T06:38:05.832Z,100,98,100,100,1076,1076,2063,0,0,1076,1.1 s,1.1 s,2.1 s,0 ms,0,success,
https://b2bindustrial.in/faq,desktop,https://b2bindustrial.in/faq,2026-07-14T06:38:20.981Z,100,98,100,100,241,296,899,0,0.002362586686856879,296,0.2 s,0.3 s,0.9 s,0 ms,0.002,success,
https://b2bindustrial.in/,mobile,https://b2bindustrial.in/,2026-07-14T06:38:36.700Z,100,100,100,100,903,1360,2260,0,0,1360,0.9 s,1.4 s,2.3 s,0 ms,0,success,
https://b2bindustrial.in/,desktop,https://b2bindustrial.in/,2026-07-14T06:38:53.203Z,100,100,100,100,316,323,866,0,0,323,0.3 s,0.3 s,0.9 s,0 ms,0,success,
https://b2bindustrial.in/industries/commercial-buildings,mobile,https://b2bindustrial.in/industries/commercial-buildings,2026-07-14T06:39:09.284Z,97,100,100,100,921,1674,4301,0,0,1674,0.9 s,1.7 s,4.3 s,0 ms,0,success,
https://b2bindustrial.in/industries/commercial-buildings,desktop,https://b2bindustrial.in/industries/commercial-buildings,2026-07-14T06:39:24.978Z,100,100,100,100,241,420,890,0,0.002063932774278615,420,0.2 s,0.4 s,0.9 s,0 ms,0.002,success,
https://b2bindustrial.in/industries/data-centres,mobile,https://b2bindustrial.in/industries/data-centres,2026-07-14T06:39:42.420Z,100,100,100,100,902,1352,2544,0,0,1352,0.9 s,1.4 s,2.5 s,0 ms,0,success,
https://b2bindustrial.in/industries/data-centres,desktop,https://b2bindustrial.in/industries/data-centres,2026-07-14T06:39:56.638Z,100,100,100,100,284,354,820,0,0,354,0.3 s,0.4 s,0.8 s,0 ms,0,success,
https://b2bindustrial.in/industries/,mobile,https://b2bindustrial.in/industries/,2026-07-14T06:40:15.272Z,100,100,100,100,919,1519,2495,0,0,1519,0.9 s,1.5 s,2.5 s,0 ms,0,success,
https://b2bindustrial.in/industries/,desktop,https://b2bindustrial.in/industries/,2026-07-14T06:40:29.065Z,100,100,100,100,242,370,1061,0,0.002063932774278615,370,0.2 s,0.4 s,1.1 s,0 ms,0.002,success,
https://b2bindustrial.in/industries/manufacturing,mobile,https://b2bindustrial.in/industries/manufacturing,2026-07-14T06:40:43.728Z,100,100,100,100,902,1511,2620,0,0,1511,0.9 s,1.5 s,2.6 s,0 ms,0,success,
https://b2bindustrial.in/industries/manufacturing,desktop,https://b2bindustrial.in/industries/manufacturing,2026-07-14T06:40:57.946Z,100,100,100,100,260,380,1054,0,0,380,0.3 s,0.4 s,1.1 s,0 ms,0,success,
https://b2bindustrial.in/locations/ahmedabad-electrical-audit,mobile,https://b2bindustrial.in/locations/ahmedabad-electrical-audit,2026-07-14T06:41:12.441Z,100,100,100,100,902,1052,2054,0,0,1052,0.9 s,1.1 s,2.1 s,0 ms,0,success,
https://b2bindustrial.in/locations/ahmedabad-electrical-audit,desktop,https://b2bindustrial.in/locations/ahmedabad-electrical-audit,2026-07-14T06:41:26.648Z,100,100,100,100,241,244,795,0,0.002362586686856879,244,0.2 s,0.2 s,0.8 s,0 ms,0.002,success,
https://b2bindustrial.in/locations/ahmedabad-energy-audit,mobile,https://b2bindustrial.in/locations/ahmedabad-energy-audit,2026-07-14T06:41:41.653Z,100,100,100,100,901,1201,1926,0,0,1201,0.9 s,1.2 s,1.9 s,0 ms,0,success,
https://b2bindustrial.in/locations/ahmedabad-energy-audit,desktop,https://b2bindustrial.in/locations/ahmedabad-energy-audit,2026-07-14T06:41:55.186Z,100,100,100,100,241,289,916,0,0.002362586686856879,289,0.2 s,0.3 s,0.9 s,0 ms,0.002,success,
https://b2bindustrial.in/locations/ahmedabad-environmental-audit,mobile,https://b2bindustrial.in/locations/ahmedabad-environmental-audit,2026-07-14T06:42:09.327Z,100,100,100,100,928,1228,2455,0,0,1228,0.9 s,1.2 s,2.5 s,0 ms,0,success,
https://b2bindustrial.in/locations/ahmedabad-environmental-audit,desktop,https://b2bindustrial.in/locations/ahmedabad-environmental-audit,2026-07-14T06:42:23.826Z,100,100,100,100,241,241,823,0,0.002362586686856879,241,0.2 s,0.2 s,0.8 s,0 ms,0.002,success,
https://b2bindustrial.in/locations/ahmedabad-fire-safety-audit,mobile,https://b2bindustrial.in/locations/ahmedabad-fire-safety-audit,2026-07-14T06:42:38.816Z,100,100,100,100,932,1232,2319,0,0,1232,0.9 s,1.2 s,2.3 s,0 ms,0,success,
https://b2bindustrial.in/locations/ahmedabad-fire-safety-audit,desktop,https://b2bindustrial.in/locations/ahmedabad-fire-safety-audit,2026-07-14T06:42:53.528Z,100,100,100,100,289,365,1067,0,0,365,0.3 s,0.4 s,1.1 s,0 ms,0,success,
https://b2bindustrial.in/locations/ahmedabad-hse-audit,mobile,https://b2bindustrial.in/locations/ahmedabad-hse-audit,2026-07-14T06:43:10.093Z,100,100,100,100,901,1213,2294,0,0,1213,0.9 s,1.2 s,2.3 s,0 ms,0,success,
https://b2bindustrial.in/locations/ahmedabad-hse-audit,desktop,https://b2bindustrial.in/locations/ahmedabad-hse-audit,2026-07-14T06:43:27.213Z,100,100,100,100,255,295,947,0,0,295,0.3 s,0.3 s,0.9 s,0 ms,0,success,
https://b2bindustrial.in/locations/bangalore-electrical-audit,mobile,https://b2bindustrial.in/locations/bangalore-electrical-audit,2026-07-14T06:43:40.167Z,100,100,100,100,901,1213,2409,0,0,1213,0.9 s,1.2 s,2.4 s,0 ms,0,success,
https://b2bindustrial.in/locations/bangalore-electrical-audit,desktop,https://b2bindustrial.in/locations/bangalore-electrical-audit,2026-07-14T06:43:54.929Z,100,100,100,100,241,241,812,0,0.002362586686856879,241,0.2 s,0.2 s,0.8 s,0 ms,0.002,success,
https://b2bindustrial.in/locations/bangalore-energy-audit,mobile,https://b2bindustrial.in/locations/bangalore-energy-audit,2026-07-14T06:44:10.142Z,100,100,100,100,925,1225,2174,0,0,1225,0.9 s,1.2 s,2.2 s,0 ms,0,success,
https://b2bindustrial.in/locations/bangalore-energy-audit,desktop,https://b2bindustrial.in/locations/bangalore-energy-audit,2026-07-14T06:44:25.164Z,100,100,100,100,242,286,950,0,0.002362586686856879,286,0.2 s,0.3 s,1.0 s,0 ms,0.002,success,
https://b2bindustrial.in/locations/bangalore-environmental-audit,mobile,https://b2bindustrial.in/locations/bangalore-environmental-audit,2026-07-14T06:44:39.266Z,100,100,100,100,902,908,1898,0,0,908,0.9 s,0.9 s,1.9 s,0 ms,0,success,
https://b2bindustrial.in/locations/bangalore-environmental-audit,desktop,https://b2bindustrial.in/locations/bangalore-environmental-audit,2026-07-14T06:44:53.412Z,100,100,100,100,241,241,779,0,0.002362586686856879,241,0.2 s,0.2 s,0.8 s,0 ms,0.002,success,
https://b2bindustrial.in/locations/bangalore-fire-safety-audit,mobile,https://b2bindustrial.in/locations/bangalore-fire-safety-audit,2026-07-14T06:45:08.720Z,100,100,100,100,901,901,1469,0,0,901,0.9 s,0.9 s,1.5 s,0 ms,0,success,
https://b2bindustrial.in/locations/bangalore-fire-safety-audit,desktop,https://b2bindustrial.in/locations/bangalore-fire-safety-audit,2026-07-14T06:45:22.044Z,100,100,100,100,242,242,694,0,0.002362586686856879,242,0.2 s,0.2 s,0.7 s,0 ms,0.002,success,
https://b2bindustrial.in/locations/bangalore-hse-audit,mobile,https://b2bindustrial.in/locations/bangalore-hse-audit,2026-07-14T06:45:34.083Z,100,100,100,100,902,902,1752,0,0,902,0.9 s,0.9 s,1.8 s,0 ms,0,success,
https://b2bindustrial.in/locations/bangalore-hse-audit,desktop,https://b2bindustrial.in/locations/bangalore-hse-audit,2026-07-14T06:45:46.782Z,100,100,100,100,250,250,772,0,0,250,0.3 s,0.3 s,0.8 s,0 ms,0,success,
https://b2bindustrial.in/locations/chennai-electrical-audit,mobile,https://b2bindustrial.in/locations/chennai-electrical-audit,2026-07-14T06:45:59.416Z,100,100,100,100,901,1207,2391,0,0,1207,0.9 s,1.2 s,2.4 s,0 ms,0,success,
https://b2bindustrial.in/locations/chennai-electrical-audit,desktop,https://b2bindustrial.in/locations/chennai-electrical-audit,2026-07-14T06:46:13.894Z,100,100,100,100,241,241,772,0,0.002362586686856879,241,0.2 s,0.2 s,0.8 s,0 ms,0.002,success,
https://b2bindustrial.in/locations/chennai-energy-audit,mobile,https://b2bindustrial.in/locations/chennai-energy-audit,2026-07-14T06:46:28.709Z,100,100,100,100,928,1228,2246,0,0,1228,0.9 s,1.2 s,2.2 s,0 ms,0,success,
https://b2bindustrial.in/locations/chennai-energy-audit,desktop,https://b2bindustrial.in/locations/chennai-energy-audit,2026-07-14T06:46:42.981Z,100,100,100,100,241,325,766,0,0.002362586686856879,325,0.2 s,0.3 s,0.8 s,0 ms,0.002,success,
https://b2bindustrial.in/locations/chennai-environmental-audit,mobile,https://b2bindustrial.in/locations/chennai-environmental-audit,2026-07-14T06:46:58.458Z,98,100,100,100,920,1220,4024,0,0,1220,0.9 s,1.2 s,4.0 s,0 ms,0,success,
https://b2bindustrial.in/locations/chennai-environmental-audit,desktop,https://b2bindustrial.in/locations/chennai-environmental-audit,2026-07-14T06:47:14.785Z,100,100,100,100,241,247,736,0,0.002362586686856879,247,0.2 s,0.2 s,0.7 s,0 ms,0.002,success,
https://b2bindustrial.in/locations/chennai-fire-safety-audit,mobile,https://b2bindustrial.in/locations/chennai-fire-safety-audit,2026-07-14T06:47:29.778Z,98,100,100,100,922,1228,4122,0,0,1228,0.9 s,1.2 s,4.1 s,0 ms,0,success,
https://b2bindustrial.in/locations/chennai-fire-safety-audit,desktop,https://b2bindustrial.in/locations/chennai-fire-safety-audit,2026-07-14T06:47:45.925Z,100,100,100,100,242,242,770,0,0.002362586686856879,242,0.2 s,0.2 s,0.8 s,0 ms,0.002,success,
https://b2bindustrial.in/locations/chennai-hse-audit,mobile,https://b2bindustrial.in/locations/chennai-hse-audit,2026-07-14T06:48:01.195Z,100,100,100,100,942,1242,2542,0,0,1242,0.9 s,1.2 s,2.5 s,0 ms,0,success,
https://b2bindustrial.in/locations/chennai-hse-audit,desktop,https://b2bindustrial.in/locations/chennai-hse-audit,2026-07-14T06:48:17.046Z,100,100,100,100,241,241,758,0,0.002362586686856879,241,0.2 s,0.2 s,0.8 s,0 ms,0.002,success,
https://b2bindustrial.in/locations/delhi-electrical-audit,mobile,https://b2bindustrial.in/locations/delhi-electrical-audit,2026-07-14T06:48:30.241Z,100,100,100,100,901,1212,2233,0,0,1212,0.9 s,1.2 s,2.2 s,0 ms,0,success,
https://b2bindustrial.in/locations/delhi-electrical-audit,desktop,https://b2bindustrial.in/locations/delhi-electrical-audit,2026-07-14T06:48:45.081Z,100,100,100,100,265,305,905,0,0,305,0.3 s,0.3 s,0.9 s,0 ms,0,success,
https://b2bindustrial.in/locations/delhi-energy-audit,mobile,https://b2bindustrial.in/locations/delhi-energy-audit,2026-07-14T06:49:01.032Z,100,100,100,100,901,901,1843,0,0,901,0.9 s,0.9 s,1.8 s,0 ms,0,success,
https://b2bindustrial.in/locations/delhi-energy-audit,desktop,https://b2bindustrial.in/locations/delhi-energy-audit,2026-07-14T06:49:15.540Z,100,100,100,100,265,265,794,0,0,265,0.3 s,0.3 s,0.8 s,0 ms,0,success,
https://b2bindustrial.in/locations/delhi-environmental-audit,mobile,https://b2bindustrial.in/locations/delhi-environmental-audit,2026-07-14T06:49:30.474Z,100,100,100,100,902,1052,1891,0,0,1052,0.9 s,1.1 s,1.9 s,0 ms,0,success,
https://b2bindustrial.in/locations/delhi-environmental-audit,desktop,https://b2bindustrial.in/locations/delhi-environmental-audit,2026-07-14T06:49:44.209Z,100,100,100,100,242,248,766,0,0.002362586686856879,248,0.2 s,0.2 s,0.8 s,0 ms,0.002,success,
https://b2bindustrial.in/locations/delhi-fire-safety-audit,mobile,https://b2bindustrial.in/locations/delhi-fire-safety-audit,2026-07-14T06:49:59.223Z,100,100,100,100,901,1243,2403,0,0,1243,0.9 s,1.2 s,2.4 s,0 ms,0,success,
https://b2bindustrial.in/locations/delhi-fire-safety-audit,desktop,https://b2bindustrial.in/locations/delhi-fire-safety-audit,2026-07-14T06:50:16.093Z,100,100,100,100,242,242,797,0,0.002362586686856879,242,0.2 s,0.2 s,0.8 s,0 ms,0.002,success,
https://b2bindustrial.in/locations/delhi-hse-audit,mobile,https://b2bindustrial.in/locations/delhi-hse-audit,2026-07-14T06:50:32.614Z,100,100,100,100,901,1211,2325,0,0,1211,0.9 s,1.2 s,2.3 s,0 ms,0,success,
https://b2bindustrial.in/locations/delhi-hse-audit,desktop,https://b2bindustrial.in/locations/delhi-hse-audit,2026-07-14T06:50:48.070Z,100,100,100,100,264,304,938,0,0,304,0.3 s,0.3 s,0.9 s,0 ms,0,success,
https://b2bindustrial.in/locations/faridabad-electrical-audit,mobile,https://b2bindustrial.in/locations/faridabad-electrical-audit,2026-07-14T06:51:02.511Z,100,100,100,100,901,1201,2423,0,0,1201,0.9 s,1.2 s,2.4 s,0 ms,0,success,
https://b2bindustrial.in/locations/faridabad-electrical-audit,desktop,https://b2bindustrial.in/locations/faridabad-electrical-audit,2026-07-14T06:51:18.002Z,100,100,100,100,241,350,1000,0,0.002362586686856879,351,0.2 s,0.4 s,1.0 s,0 ms,0.002,success,
https://b2bindustrial.in/locations/faridabad-energy-audit,mobile,https://b2bindustrial.in/locations/faridabad-energy-audit,2026-07-14T06:51:34.453Z,100,100,100,100,901,901,1962,0,0,901,0.9 s,0.9 s,2.0 s,0 ms,0,success,
https://b2bindustrial.in/locations/faridabad-energy-audit,desktop,https://b2bindustrial.in/locations/faridabad-energy-audit,2026-07-14T06:51:48.348Z,100,100,100,100,241,272,798,0,0.002362586686856879,273,0.2 s,0.3 s,0.8 s,0 ms,0.002,success,
https://b2bindustrial.in/locations/faridabad-environmental-audit,mobile,https://b2bindustrial.in/locations/faridabad-environmental-audit,2026-07-14T06:52:04.684Z,100,100,100,100,901,1247,2531,0,0,1247,0.9 s,1.2 s,2.5 s,0 ms,0,success,
https://b2bindustrial.in/locations/faridabad-environmental-audit,desktop,https://b2bindustrial.in/locations/faridabad-environmental-audit,2026-07-14T06:52:20.812Z,100,100,100,100,241,290,937,0,0.002362586686856879,290,0.2 s,0.3 s,0.9 s,0 ms,0.002,success,
https://b2bindustrial.in/locations/faridabad-fire-safety-audit,mobile,https://b2bindustrial.in/locations/faridabad-fire-safety-audit,2026-07-14T06:52:35.911Z,100,100,100,100,901,1201,2307,0,0,1201,0.9 s,1.2 s,2.3 s,0 ms,0,success,
https://b2bindustrial.in/locations/faridabad-fire-safety-audit,desktop,https://b2bindustrial.in/locations/faridabad-fire-safety-audit,2026-07-14T06:52:50.845Z,100,100,100,100,241,284,732,0,0.002362586686856879,284,0.2 s,0.3 s,0.7 s,0 ms,0.002,success,
https://b2bindustrial.in/locations/faridabad-hse-audit,mobile,https://b2bindustrial.in/locations/faridabad-hse-audit,2026-07-14T06:53:05.235Z,100,100,100,100,901,1209,2421,0,0,1209,0.9 s,1.2 s,2.4 s,0 ms,0,success,
https://b2bindustrial.in/locations/faridabad-hse-audit,desktop,https://b2bindustrial.in/locations/faridabad-hse-audit,2026-07-14T06:53:20.488Z,100,100,100,100,269,309,903,0,0,309,0.3 s,0.3 s,0.9 s,0 ms,0,success,
https://b2bindustrial.in/locations/gurgaon-carbon-footprint,mobile,https://b2bindustrial.in/locations/gurgaon-carbon-footprint,2026-07-14T06:53:37.763Z,100,100,100,100,955,1255,2516,3,0,1255,1.0 s,1.3 s,2.5 s,0 ms,0,success,
https://b2bindustrial.in/locations/gurgaon-carbon-footprint,desktop,https://b2bindustrial.in/locations/gurgaon-carbon-footprint,2026-07-14T06:53:53.932Z,100,100,100,100,241,301,836,0,0.002362586686856879,302,0.2 s,0.3 s,0.8 s,0 ms,0.002,success,
https://b2bindustrial.in/locations/gurgaon-electrical-audit,mobile,https://b2bindustrial.in/locations/gurgaon-electrical-audit,2026-07-14T06:54:07.071Z,100,100,100,100,901,1205,2359,0,0,1205,0.9 s,1.2 s,2.4 s,0 ms,0,success,
https://b2bindustrial.in/locations/gurgaon-electrical-audit,desktop,https://b2bindustrial.in/locations/gurgaon-electrical-audit,2026-07-14T06:54:21.839Z,100,100,100,100,241,344,924,0,0.002362586686856879,344,0.2 s,0.3 s,0.9 s,0 ms,0.002,success,
https://b2bindustrial.in/locations/gurgaon-energy-audit,mobile,https://b2bindustrial.in/locations/gurgaon-energy-audit,2026-07-14T06:54:38.501Z,100,100,100,100,902,1052,2136,0,0,1052,0.9 s,1.1 s,2.1 s,0 ms,0,success,
https://b2bindustrial.in/locations/gurgaon-energy-audit,desktop,https://b2bindustrial.in/locations/gurgaon-energy-audit,2026-07-14T06:54:53.856Z,100,100,100,100,242,328,826,0,0.002362586686856879,328,0.2 s,0.3 s,0.8 s,0 ms,0.002,success,
https://b2bindustrial.in/locations/gurgaon-environmental-audit,mobile,https://b2bindustrial.in/locations/gurgaon-environmental-audit,2026-07-14T06:55:10.410Z,100,100,100,100,901,901,1883,0,0,901,0.9 s,0.9 s,1.9 s,0 ms,0,success,
https://b2bindustrial.in/locations/gurgaon-environmental-audit,desktop,https://b2bindustrial.in/locations/gurgaon-environmental-audit,2026-07-14T06:55:23.773Z,100,100,100,100,241,241,742,0,0.002362586686856879,241,0.2 s,0.2 s,0.7 s,0 ms,0.002,success,
https://b2bindustrial.in/locations/gurgaon-esg-audit,mobile,https://b2bindustrial.in/locations/gurgaon-esg-audit,2026-07-14T06:55:36.571Z,100,100,100,100,901,1051,2202,0,0,1051,0.9 s,1.1 s,2.2 s,0 ms,0,success,
https://b2bindustrial.in/locations/gurgaon-esg-audit,desktop,https://b2bindustrial.in/locations/gurgaon-esg-audit,2026-07-14T06:55:52.312Z,100,100,100,100,241,293,834,0,0.002362586686856879,293,0.2 s,0.3 s,0.8 s,0 ms,0.002,success,
https://b2bindustrial.in/locations/gurgaon-fire-safety-audit,mobile,https://b2bindustrial.in/locations/gurgaon-fire-safety-audit,2026-07-14T06:56:07.273Z,100,100,100,100,923,1223,2051,0,0,1223,0.9 s,1.2 s,2.1 s,0 ms,0,success,
https://b2bindustrial.in/locations/gurgaon-fire-safety-audit,desktop,https://b2bindustrial.in/locations/gurgaon-fire-safety-audit,2026-07-14T06:56:21.058Z,100,100,100,100,241,247,803,0,0.002362586686856879,247,0.2 s,0.2 s,0.8 s,0 ms,0.002,success,
https://b2bindustrial.in/locations/gurgaon-hse-audit,mobile,https://b2bindustrial.in/locations/gurgaon-hse-audit,2026-07-14T06:56:35.463Z,100,100,100,100,902,1218,2084,0,0,1218,0.9 s,1.2 s,2.1 s,0 ms,0,success,
https://b2bindustrial.in/locations/gurgaon-hse-audit,desktop,https://b2bindustrial.in/locations/gurgaon-hse-audit,2026-07-14T06:56:48.893Z,100,100,100,100,241,285,812,0,0.002362586686856879,285,0.2 s,0.3 s,0.8 s,0 ms,0.002,success,
https://b2bindustrial.in/locations/gurgaon-hvac-audit,mobile,https://b2bindustrial.in/locations/gurgaon-hvac-audit,2026-07-14T06:57:02.061Z,100,100,100,100,901,901,2187,0,0,901,0.9 s,0.9 s,2.2 s,0 ms,0,success,
https://b2bindustrial.in/locations/gurgaon-hvac-audit,desktop,https://b2bindustrial.in/locations/gurgaon-hvac-audit,2026-07-14T06:57:17.124Z,100,100,100,100,272,348,1032,0,0,348,0.3 s,0.3 s,1.0 s,0 ms,0,success,
https://b2bindustrial.in/locations/gurgaon-lightning-protection,mobile,https://b2bindustrial.in/locations/gurgaon-lightning-protection,2026-07-14T06:57:32.606Z,100,100,100,100,901,1205,2267,0,0,1205,0.9 s,1.2 s,2.3 s,0 ms,0,success,
https://b2bindustrial.in/locations/gurgaon-lightning-protection,desktop,https://b2bindustrial.in/locations/gurgaon-lightning-protection,2026-07-14T06:57:46.902Z,100,100,100,100,241,287,828,0,0.002362586686856879,287,0.2 s,0.3 s,0.8 s,0 ms,0.002,success,
https://b2bindustrial.in/locations/gurgaon-safety-audit,mobile,https://b2bindustrial.in/locations/gurgaon-safety-audit,2026-07-14T06:58:00.698Z,100,100,100,100,901,1201,1813,0,0,1201,0.9 s,1.2 s,1.8 s,0 ms,0,success,
https://b2bindustrial.in/locations/gurgaon-safety-audit,desktop,https://b2bindustrial.in/locations/gurgaon-safety-audit,2026-07-14T06:58:13.613Z,97,100,100,100,252,292,1919,0,0,292,0.3 s,0.3 s,1.9 s,0 ms,0,success,
https://b2bindustrial.in/locations/gurgaon-thermography-audit,mobile,https://b2bindustrial.in/locations/gurgaon-thermography-audit,2026-07-14T06:58:29.176Z,100,100,100,100,901,901,1936,0,0,901,0.9 s,0.9 s,1.9 s,0 ms,0,success,
https://b2bindustrial.in/locations/gurgaon-thermography-audit,desktop,https://b2bindustrial.in/locations/gurgaon-thermography-audit,2026-07-14T06:58:41.319Z,98,100,100,100,251,291,1609,0,0,291,0.3 s,0.3 s,1.6 s,0 ms,0,success,
https://b2bindustrial.in/locations/gurgaon-water-audit,mobile,https://b2bindustrial.in/locations/gurgaon-water-audit,2026-07-14T06:58:56.115Z,100,100,100,100,901,1205,2371,0,0,1205,0.9 s,1.2 s,2.4 s,0 ms,0,success,
https://b2bindustrial.in/locations/gurgaon-water-audit,desktop,https://b2bindustrial.in/locations/gurgaon-water-audit,2026-07-14T06:59:10.185Z,100,100,100,100,241,291,846,0,0.002362586686856879,291,0.2 s,0.3 s,0.8 s,0 ms,0.002,success,
https://b2bindustrial.in/locations/hyderabad-electrical-audit,mobile,https://b2bindustrial.in/locations/hyderabad-electrical-audit,2026-07-14T06:59:26.533Z,100,100,100,100,901,1201,2283,0,0,1201,0.9 s,1.2 s,2.3 s,0 ms,0,success,
https://b2bindustrial.in/locations/hyderabad-electrical-audit,desktop,https://b2bindustrial.in/locations/hyderabad-electrical-audit,2026-07-14T06:59:42.070Z,100,100,100,100,257,310,1029,0,0.002362586686856879,311,0.3 s,0.3 s,1.0 s,0 ms,0.002,success,
https://b2bindustrial.in/locations/hyderabad-energy-audit,mobile,https://b2bindustrial.in/locations/hyderabad-energy-audit,2026-07-14T06:59:59.311Z,100,100,100,100,902,1202,1883,0,0,1202,0.9 s,1.2 s,1.9 s,0 ms,0,success,
https://b2bindustrial.in/locations/hyderabad-energy-audit,desktop,https://b2bindustrial.in/locations/hyderabad-energy-audit,2026-07-14T07:00:11.943Z,100,100,100,100,242,248,865,0,0.002362586686856879,248,0.2 s,0.2 s,0.9 s,0 ms,0.002,success,
https://b2bindustrial.in/locations/hyderabad-environmental-audit,mobile,https://b2bindustrial.in/locations/hyderabad-environmental-audit,2026-07-14T07:00:26.551Z,100,100,100,100,953,953,1870,0,0,953,1.0 s,1.0 s,1.9 s,0 ms,0,success,
https://b2bindustrial.in/locations/hyderabad-environmental-audit,desktop,https://b2bindustrial.in/locations/hyderabad-environmental-audit,2026-07-14T07:00:39.509Z,100,100,100,100,242,259,777,0,0.002362586686856879,259,0.2 s,0.3 s,0.8 s,0 ms,0.002,success,
https://b2bindustrial.in/locations/hyderabad-fire-safety-audit,mobile,https://b2bindustrial.in/locations/hyderabad-fire-safety-audit,2026-07-14T07:00:55.511Z,96,100,100,100,934,1234,5024,0,0,1234,0.9 s,1.2 s,5.0 s,0 ms,0,success,
https://b2bindustrial.in/locations/hyderabad-fire-safety-audit,desktop,https://b2bindustrial.in/locations/hyderabad-fire-safety-audit,2026-07-14T07:01:14.582Z,98,100,100,100,242,282,1558,0,0.002362586686856879,282,0.2 s,0.3 s,1.6 s,0 ms,0.002,success,
https://b2bindustrial.in/locations/hyderabad-hse-audit,mobile,https://b2bindustrial.in/locations/hyderabad-hse-audit,2026-07-14T07:01:28.919Z,100,100,100,100,916,1216,2735,0,0,1216,0.9 s,1.2 s,2.7 s,0 ms,0,success,
https://b2bindustrial.in/locations/hyderabad-hse-audit,desktop,https://b2bindustrial.in/locations/hyderabad-hse-audit,2026-07-14T07:01:42.139Z,100,100,100,100,258,298,925,0,0,298,0.3 s,0.3 s,0.9 s,0 ms,0,success,
https://b2bindustrial.in/locations/,mobile,https://b2bindustrial.in/locations/,2026-07-14T07:01:57.427Z,97,100,100,100,901,1201,4561,0,0,1201,0.9 s,1.2 s,4.6 s,0 ms,0,success,
https://b2bindustrial.in/locations/,desktop,https://b2bindustrial.in/locations/,2026-07-14T07:02:16.879Z,96,100,100,100,250,250,2029,0,0,250,0.3 s,0.3 s,2.0 s,0 ms,0,success,
https://b2bindustrial.in/locations/manesar-energy-audit,mobile,https://b2bindustrial.in/locations/manesar-energy-audit,2026-07-14T07:02:34.674Z,100,100,100,100,901,1205,2132,0,0,1205,0.9 s,1.2 s,2.1 s,0 ms,0,success,
https://b2bindustrial.in/locations/manesar-energy-audit,desktop,https://b2bindustrial.in/locations/manesar-energy-audit,2026-07-14T07:02:49.150Z,100,100,100,100,242,242,807,0,0.002362586686856879,242,0.2 s,0.2 s,0.8 s,0 ms,0.002,success,
https://b2bindustrial.in/locations/mumbai-electrical-audit,mobile,https://b2bindustrial.in/locations/mumbai-electrical-audit,2026-07-14T07:03:04.523Z,100,100,100,100,901,909,1993,0,0,909,0.9 s,0.9 s,2.0 s,0 ms,0,success,
https://b2bindustrial.in/locations/mumbai-electrical-audit,desktop,https://b2bindustrial.in/locations/mumbai-electrical-audit,2026-07-14T07:03:19.605Z,100,100,100,100,241,241,572,0,0.002362586686856879,241,0.2 s,0.2 s,0.6 s,0 ms,0.002,success,
https://b2bindustrial.in/locations/mumbai-energy-audit,mobile,https://b2bindustrial.in/locations/mumbai-energy-audit,2026-07-14T07:03:34.439Z,100,100,100,100,929,1229,2468,0,0,1229,0.9 s,1.2 s,2.5 s,0 ms,0,success,
https://b2bindustrial.in/locations/mumbai-energy-audit,desktop,https://b2bindustrial.in/locations/mumbai-energy-audit,2026-07-14T07:03:48.414Z,100,100,100,100,241,281,763,0,0.002362586686856879,281,0.2 s,0.3 s,0.8 s,0 ms,0.002,success,
https://b2bindustrial.in/locations/mumbai-environmental-audit,mobile,https://b2bindustrial.in/locations/mumbai-environmental-audit,2026-07-14T07:04:01.885Z,100,100,100,100,901,901,1376,0,0,901,0.9 s,0.9 s,1.4 s,0 ms,0,success,
https://b2bindustrial.in/locations/mumbai-environmental-audit,desktop,https://b2bindustrial.in/locations/mumbai-environmental-audit,2026-07-14T07:04:15.870Z,100,100,100,100,254,294,935,0,0,294,0.3 s,0.3 s,0.9 s,0 ms,0,success,
https://b2bindustrial.in/locations/mumbai-fire-safety-audit,mobile,https://b2bindustrial.in/locations/mumbai-fire-safety-audit,2026-07-14T07:04:29.697Z,100,100,100,100,901,1201,2535,0,0,1201,0.9 s,1.2 s,2.5 s,0 ms,0,success,
https://b2bindustrial.in/locations/mumbai-fire-safety-audit,desktop,https://b2bindustrial.in/locations/mumbai-fire-safety-audit,2026-07-14T07:04:45.517Z,100,100,100,100,242,290,885,0,0.002362586686856879,290,0.2 s,0.3 s,0.9 s,0 ms,0.002,success,
https://b2bindustrial.in/locations/mumbai-hse-audit,mobile,https://b2bindustrial.in/locations/mumbai-hse-audit,2026-07-14T07:05:00.750Z,100,100,100,100,902,1052,1875,0,0,1052,0.9 s,1.1 s,1.9 s,0 ms,0,success,
https://b2bindustrial.in/locations/mumbai-hse-audit,desktop,https://b2bindustrial.in/locations/mumbai-hse-audit,2026-07-14T07:05:16.509Z,100,100,100,100,241,254,874,0,0.002362586686856879,254,0.2 s,0.3 s,0.9 s,0 ms,0.002,success,
https://b2bindustrial.in/locations/noida-electrical-audit,mobile,https://b2bindustrial.in/locations/noida-electrical-audit,2026-07-14T07:05:32.202Z,97,100,100,100,921,1802,4135,0,0,1802,0.9 s,1.8 s,4.1 s,0 ms,0,success,
https://b2bindustrial.in/locations/noida-electrical-audit,desktop,https://b2bindustrial.in/locations/noida-electrical-audit,2026-07-14T07:05:46.855Z,100,100,100,100,251,291,959,0,0,291,0.3 s,0.3 s,1.0 s,0 ms,0,success,
https://b2bindustrial.in/locations/noida-energy-audit,mobile,https://b2bindustrial.in/locations/noida-energy-audit,2026-07-14T07:05:59.813Z,99,100,100,100,901,901,3175,0,0,901,0.9 s,0.9 s,3.2 s,0 ms,0,success,
https://b2bindustrial.in/locations/noida-energy-audit,desktop,https://b2bindustrial.in/locations/noida-energy-audit,2026-07-14T07:06:15.095Z,100,100,100,100,242,282,825,0,0.002362586686856879,282,0.2 s,0.3 s,0.8 s,0 ms,0.002,success,
https://b2bindustrial.in/locations/noida-environmental-audit,mobile,https://b2bindustrial.in/locations/noida-environmental-audit,2026-07-14T07:06:30.110Z,98,100,100,100,915,915,4127,0,0,915,0.9 s,0.9 s,4.1 s,0 ms,0,success,
https://b2bindustrial.in/locations/noida-environmental-audit,desktop,https://b2bindustrial.in/locations/noida-environmental-audit,2026-07-14T07:06:45.075Z,100,100,100,100,242,285,814,0,0.002362586686856879,285,0.2 s,0.3 s,0.8 s,0 ms,0.002,success,
https://b2bindustrial.in/locations/noida-esg-audit,mobile,https://b2bindustrial.in/locations/noida-esg-audit,2026-07-14T07:06:58.434Z,100,100,100,100,918,918,2203,0,0,918,0.9 s,0.9 s,2.2 s,0 ms,0,success,
https://b2bindustrial.in/locations/noida-esg-audit,desktop,https://b2bindustrial.in/locations/noida-esg-audit,2026-07-14T07:07:13.280Z,100,100,100,100,257,297,896,0,0,297,0.3 s,0.3 s,0.9 s,0 ms,0,success,
https://b2bindustrial.in/locations/noida-fire-safety-audit,mobile,https://b2bindustrial.in/locations/noida-fire-safety-audit,2026-07-14T07:07:27.399Z,100,100,100,100,902,1052,1839,0,0,1052,0.9 s,1.1 s,1.8 s,0 ms,0,success,
https://b2bindustrial.in/locations/noida-fire-safety-audit,desktop,https://b2bindustrial.in/locations/noida-fire-safety-audit,2026-07-14T07:07:41.554Z,100,100,100,100,262,302,865,0,0,302,0.3 s,0.3 s,0.9 s,0 ms,0,success,
https://b2bindustrial.in/locations/noida-hse-audit,mobile,https://b2bindustrial.in/locations/noida-hse-audit,2026-07-14T07:07:59.061Z,94,100,100,100,901,1201,6294,0,0,1201,0.9 s,1.2 s,6.3 s,0 ms,0,success,
https://b2bindustrial.in/locations/noida-hse-audit,desktop,https://b2bindustrial.in/locations/noida-hse-audit,2026-07-14T07:08:15.622Z,100,100,100,100,242,242,772,0,0.002362586686856879,242,0.2 s,0.2 s,0.8 s,0 ms,0.002,success,
https://b2bindustrial.in/locations/noida-safety-audit,mobile,https://b2bindustrial.in/locations/noida-safety-audit,2026-07-14T07:08:28.520Z,100,100,100,100,901,1051,2184,0,0,1051,0.9 s,1.1 s,2.2 s,0 ms,0,success,
https://b2bindustrial.in/locations/noida-safety-audit,desktop,https://b2bindustrial.in/locations/noida-safety-audit,2026-07-14T07:08:43.807Z,98,100,100,100,242,242,1462,0,0.002362586686856879,242,0.2 s,0.2 s,1.5 s,0 ms,0.002,success,
https://b2bindustrial.in/locations/pan-india-energy-audit,mobile,https://b2bindustrial.in/locations/pan-india-energy-audit,2026-07-14T07:08:59.063Z,100,100,100,100,954,1254,2550,3,0,1254,1.0 s,1.3 s,2.6 s,0 ms,0,success,
https://b2bindustrial.in/locations/pan-india-energy-audit,desktop,https://b2bindustrial.in/locations/pan-india-energy-audit,2026-07-14T07:09:14.622Z,99,100,100,100,242,242,1303,0,0.002362586686856879,242,0.2 s,0.2 s,1.3 s,0 ms,0.002,success,
https://b2bindustrial.in/locations/pune-electrical-audit,mobile,https://b2bindustrial.in/locations/pune-electrical-audit,2026-07-14T07:09:30.556Z,100,100,100,100,928,928,2285,0,0,928,0.9 s,0.9 s,2.3 s,0 ms,0,success,
https://b2bindustrial.in/locations/pune-electrical-audit,desktop,https://b2bindustrial.in/locations/pune-electrical-audit,2026-07-14T07:09:44.894Z,100,100,100,100,241,250,687,0,0.002362586686856879,250,0.2 s,0.2 s,0.7 s,0 ms,0.002,success,
https://b2bindustrial.in/locations/pune-energy-audit,mobile,https://b2bindustrial.in/locations/pune-energy-audit,2026-07-14T07:10:00.416Z,100,100,100,100,929,1229,2353,0,0,1229,0.9 s,1.2 s,2.4 s,0 ms,0,success,
https://b2bindustrial.in/locations/pune-energy-audit,desktop,https://b2bindustrial.in/locations/pune-energy-audit,2026-07-14T07:10:16.551Z,98,100,100,100,259,299,1555,0,0,299,0.3 s,0.3 s,1.6 s,0 ms,0,success,
https://b2bindustrial.in/locations/pune-environmental-audit,mobile,https://b2bindustrial.in/locations/pune-environmental-audit,2026-07-14T07:10:33.021Z,100,100,100,100,901,1051,1893,0,0,1051,0.9 s,1.1 s,1.9 s,0 ms,0,success,
https://b2bindustrial.in/locations/pune-environmental-audit,desktop,https://b2bindustrial.in/locations/pune-environmental-audit,2026-07-14T07:10:47.977Z,99,100,100,100,411,487,1157,0,0.002362586686856879,489,0.4 s,0.5 s,1.2 s,0 ms,0.002,success,
https://b2bindustrial.in/locations/pune-fire-safety-audit,mobile,https://b2bindustrial.in/locations/pune-fire-safety-audit,2026-07-14T07:11:04.257Z,100,100,100,100,928,928,2065,0,0,928,0.9 s,0.9 s,2.1 s,0 ms,0,success,
https://b2bindustrial.in/locations/pune-fire-safety-audit,desktop,https://b2bindustrial.in/locations/pune-fire-safety-audit,2026-07-14T07:11:19.715Z,98,100,100,100,241,281,1531,0,0.002362586686856879,281,0.2 s,0.3 s,1.5 s,0 ms,0.002,success,
https://b2bindustrial.in/locations/pune-hse-audit,mobile,https://b2bindustrial.in/locations/pune-hse-audit,2026-07-14T07:11:35.439Z,100,100,100,100,902,902,1731,0,0,902,0.9 s,0.9 s,1.7 s,0 ms,0,success,
https://b2bindustrial.in/locations/pune-hse-audit,desktop,https://b2bindustrial.in/locations/pune-hse-audit,2026-07-14T07:11:49.559Z,100,100,100,100,241,281,745,0,0.002362586686856879,281,0.2 s,0.3 s,0.7 s,0 ms,0.002,success,
https://b2bindustrial.in/privacy,mobile,https://b2bindustrial.in/privacy,2026-07-14T07:12:03.367Z,100,100,100,100,902,1202,2019,0,0,1202,0.9 s,1.2 s,2.0 s,0 ms,0,success,
https://b2bindustrial.in/privacy,desktop,https://b2bindustrial.in/privacy,2026-07-14T07:12:16.672Z,100,100,100,100,241,295,813,0,0.002362586686856879,295,0.2 s,0.3 s,0.8 s,0 ms,0.002,success,
https://b2bindustrial.in/service,mobile,https://b2bindustrial.in/service,2026-07-14T07:12:32.189Z,99,98,100,100,901,2125,2582,0,0,2125,0.9 s,2.1 s,2.6 s,0 ms,0,success,
https://b2bindustrial.in/service,desktop,https://b2bindustrial.in/service,2026-07-14T07:12:48.163Z,100,98,100,100,311,351,1069,0,0,351,0.3 s,0.4 s,1.1 s,0 ms,0,success,
https://b2bindustrial.in/services/air-balancing,mobile,https://b2bindustrial.in/services/air-balancing,2026-07-14T07:13:04.083Z,99,100,100,100,901,1801,2026,0,0,1801,0.9 s,1.8 s,2.0 s,0 ms,0,success,
https://b2bindustrial.in/services/air-balancing,desktop,https://b2bindustrial.in/services/air-balancing,2026-07-14T07:13:18.134Z,100,100,100,100,244,564,988,0,0.002362586686856879,564,0.2 s,0.6 s,1.0 s,0 ms,0.002,success,
https://b2bindustrial.in/services/arc-flash-study,mobile,https://b2bindustrial.in/services/arc-flash-study,2026-07-14T07:13:33.412Z,100,100,100,100,901,1676,2400,0,0,1676,0.9 s,1.7 s,2.4 s,0 ms,0,success,
https://b2bindustrial.in/services/arc-flash-study,desktop,https://b2bindustrial.in/services/arc-flash-study,2026-07-14T07:13:54.336Z,99,100,100,100,265,410,1284,0,0.002362586686856879,410,0.3 s,0.4 s,1.3 s,0 ms,0.002,success,
https://b2bindustrial.in/services/audits-sustainability,mobile,https://b2bindustrial.in/services/audits-sustainability,2026-07-14T07:14:21.960Z,100,100,100,100,902,1652,2115,0,0,1652,0.9 s,1.7 s,2.1 s,0 ms,0,success,
https://b2bindustrial.in/services/audits-sustainability,desktop,https://b2bindustrial.in/services/audits-sustainability,2026-07-14T07:14:35.404Z,100,100,100,100,243,409,1088,0,0.002362586686856879,409,0.2 s,0.4 s,1.1 s,0 ms,0.002,success,
https://b2bindustrial.in/services/behavioural-safety-training,mobile,https://b2bindustrial.in/services/behavioural-safety-training,2026-07-14T07:14:48.487Z,99,100,100,100,901,1959,2122,0,0,1959,0.9 s,2.0 s,2.1 s,0 ms,0,success,
https://b2bindustrial.in/services/behavioural-safety-training,desktop,https://b2bindustrial.in/services/behavioural-safety-training,2026-07-14T07:15:01.903Z,100,100,100,100,298,498,807,0,0.002362586686856879,498,0.3 s,0.5 s,0.8 s,0 ms,0.002,success,
https://b2bindustrial.in/services/behavioural-safety,mobile,https://b2bindustrial.in/services/behavioural-safety,2026-07-14T07:15:15.210Z,100,100,100,100,902,1052,1906,0,0,1052,0.9 s,1.1 s,1.9 s,0 ms,0,success,
https://b2bindustrial.in/services/behavioural-safety,desktop,https://b2bindustrial.in/services/behavioural-safety,2026-07-14T07:15:29.983Z,100,100,100,100,242,568,959,0,0.002362586686856879,568,0.2 s,0.6 s,1.0 s,0 ms,0.002,success,
https://b2bindustrial.in/services/boiler-efficiency,mobile,https://b2bindustrial.in/services/boiler-efficiency,2026-07-14T07:15:44.964Z,99,90,100,100,902,2102,2408,0,0,2102,0.9 s,2.1 s,2.4 s,0 ms,0,success,
https://b2bindustrial.in/services/boiler-efficiency,desktop,https://b2bindustrial.in/services/boiler-efficiency,2026-07-14T07:15:58.635Z,100,94,100,100,242,447,998,0,0.002362586686856879,447,0.2 s,0.4 s,1.0 s,0 ms,0.002,success,
https://b2bindustrial.in/services/cable-laying,mobile,https://b2bindustrial.in/services/cable-laying,2026-07-14T07:16:12.528Z,100,100,100,100,930,1530,2113,0,0,1530,0.9 s,1.5 s,2.1 s,0 ms,0,success,
https://b2bindustrial.in/services/cable-laying,desktop,https://b2bindustrial.in/services/cable-laying,2026-07-14T07:16:27.059Z,100,100,100,100,242,362,863,0,0.002362586686856879,362,0.2 s,0.4 s,0.9 s,0 ms,0.002,success,
https://b2bindustrial.in/services/cable-tray,mobile,https://b2bindustrial.in/services/cable-tray,2026-07-14T07:16:46.794Z,99,100,100,100,990,1735,3305,13,0,1735,1.0 s,1.7 s,3.3 s,10 ms,0,success,
https://b2bindustrial.in/services/cable-tray,desktop,https://b2bindustrial.in/services/cable-tray,2026-07-14T07:17:16.046Z,100,100,100,100,277,390,950,0,0,390,0.3 s,0.4 s,0.9 s,0 ms,0,success,
https://b2bindustrial.in/services/carbon-footprint,mobile,https://b2bindustrial.in/services/carbon-footprint,2026-07-14T07:17:32.475Z,99,100,100,100,901,1960,2320,0,0,1960,0.9 s,2.0 s,2.3 s,0 ms,0,success,
https://b2bindustrial.in/services/carbon-footprint,desktop,https://b2bindustrial.in/services/carbon-footprint,2026-07-14T07:17:48.547Z,100,100,100,100,241,408,979,0,0.002362586686856879,408,0.2 s,0.4 s,1.0 s,0 ms,0.002,success,
https://b2bindustrial.in/services/chartered-engineering,mobile,https://b2bindustrial.in/services/chartered-engineering,2026-07-14T07:18:02.191Z,97,100,100,100,926,1676,4392,0,0,1676,0.9 s,1.7 s,4.4 s,0 ms,0,success,
https://b2bindustrial.in/services/chartered-engineering,desktop,https://b2bindustrial.in/services/chartered-engineering,2026-07-14T07:18:17.834Z,100,100,100,100,242,374,981,0,0.002362586686856879,374,0.2 s,0.4 s,1.0 s,0 ms,0.002,success,
https://b2bindustrial.in/services/compliances,mobile,https://b2bindustrial.in/services/compliances,2026-07-14T07:18:31.435Z,100,100,100,92,901,1051,2096,0,0,1051,0.9 s,1.1 s,2.1 s,0 ms,0,success,
https://b2bindustrial.in/services/compliances,desktop,https://b2bindustrial.in/services/compliances,2026-07-14T07:18:44.894Z,100,100,100,92,242,424,1017,0,0.002362586686856879,424,0.2 s,0.4 s,1.0 s,0 ms,0.002,success,
https://b2bindustrial.in/services/comprehensive-energy-audit,mobile,https://b2bindustrial.in/services/comprehensive-energy-audit,2026-07-14T07:19:00.120Z,97,100,100,100,929,1986,4398,0,0,1986,0.9 s,2.0 s,4.4 s,0 ms,0,success,
https://b2bindustrial.in/services/comprehensive-energy-audit,desktop,https://b2bindustrial.in/services/comprehensive-energy-audit,2026-07-14T07:19:17.387Z,100,100,100,100,279,439,1009,0,0,439,0.3 s,0.4 s,1.0 s,0 ms,0,success,
https://b2bindustrial.in/services/compressed-air-testing,mobile,https://b2bindustrial.in/services/compressed-air-testing,2026-07-14T07:19:33.150Z,98,100,100,92,901,901,3961,0,0,901,0.9 s,0.9 s,4.0 s,0 ms,0,success,
https://b2bindustrial.in/services/compressed-air-testing,desktop,https://b2bindustrial.in/services/compressed-air-testing,2026-07-14T07:19:48.886Z,100,100,100,92,298,458,908,0,0.002362586686856879,458,0.3 s,0.5 s,0.9 s,0 ms,0.002,success,
https://b2bindustrial.in/services/cpcb-dgs,mobile,https://b2bindustrial.in/services/cpcb-dgs,2026-07-14T07:20:03.194Z,100,100,100,100,902,1228,2578,0,0,1228,0.9 s,1.2 s,2.6 s,0 ms,0,success,
https://b2bindustrial.in/services/cpcb-dgs,desktop,https://b2bindustrial.in/services/cpcb-dgs,2026-07-14T07:20:19.661Z,100,100,100,100,242,382,1069,0,0.002362586686856879,382,0.2 s,0.4 s,1.1 s,0 ms,0.002,success,
https://b2bindustrial.in/services/cyber-audits,mobile,https://b2bindustrial.in/services/cyber-audits,2026-07-14T07:20:37.232Z,100,100,100,92,901,1220,2392,0,0,1220,0.9 s,1.2 s,2.4 s,0 ms,0,success,
https://b2bindustrial.in/services/cyber-audits,desktop,https://b2bindustrial.in/services/cyber-audits,2026-07-14T07:20:52.114Z,100,100,100,92,241,361,714,0,0.002362586686856879,361,0.2 s,0.4 s,0.7 s,0 ms,0.002,success,
https://b2bindustrial.in/services/disaster-management,mobile,https://b2bindustrial.in/services/disaster-management,2026-07-14T07:21:05.068Z,99,100,100,92,902,1968,2706,0,0,1968,0.9 s,2.0 s,2.7 s,0 ms,0,success,
https://b2bindustrial.in/services/disaster-management,desktop,https://b2bindustrial.in/services/disaster-management,2026-07-14T07:21:20.126Z,100,100,100,92,241,447,937,0,0.002362586686856879,447,0.2 s,0.4 s,0.9 s,0 ms,0.002,success,
https://b2bindustrial.in/services/drills-simulation,mobile,https://b2bindustrial.in/services/drills-simulation,2026-07-14T07:21:34.733Z,100,100,100,100,901,1651,2116,0,0,1651,0.9 s,1.7 s,2.1 s,0 ms,0,success,
https://b2bindustrial.in/services/drills-simulation,desktop,https://b2bindustrial.in/services/drills-simulation,2026-07-14T07:21:50.324Z,100,100,100,100,242,402,932,0,0.002362586686856879,402,0.2 s,0.4 s,0.9 s,0 ms,0.002,success,
https://b2bindustrial.in/services/duct-cleaning,mobile,https://b2bindustrial.in/services/duct-cleaning,2026-07-14T07:22:07.408Z,99,100,100,100,901,2123,2525,0,0,2123,0.9 s,2.1 s,2.5 s,0 ms,0,success,
https://b2bindustrial.in/services/duct-cleaning,desktop,https://b2bindustrial.in/services/duct-cleaning,2026-07-14T07:22:25.311Z,100,100,100,100,242,449,1066,0,0.002362586686856879,449,0.2 s,0.4 s,1.1 s,0 ms,0.002,success,
https://b2bindustrial.in/services/e-hazop,mobile,https://b2bindustrial.in/services/e-hazop,2026-07-14T07:22:40.482Z,99,100,100,100,928,1978,2540,0,0,1978,0.9 s,2.0 s,2.5 s,0 ms,0,success,
https://b2bindustrial.in/services/e-hazop,desktop,https://b2bindustrial.in/services/e-hazop,2026-07-14T07:22:55.202Z,100,100,100,100,242,451,933,0,0.002362586686856879,451,0.2 s,0.5 s,0.9 s,0 ms,0.002,success,
https://b2bindustrial.in/services/e-waste-solutions,mobile,https://b2bindustrial.in/services/e-waste-solutions,2026-07-14T07:23:10.779Z,100,100,100,100,901,1675,2186,0,0,1675,0.9 s,1.7 s,2.2 s,0 ms,0,success,
https://b2bindustrial.in/services/e-waste-solutions,desktop,https://b2bindustrial.in/services/e-waste-solutions,2026-07-14T07:23:26.697Z,97,100,100,100,241,521,1838,0,0.002362586686856879,521,0.2 s,0.5 s,1.8 s,0 ms,0.002,success,
https://b2bindustrial.in/services/earthing-audit,mobile,https://b2bindustrial.in/services/earthing-audit,2026-07-14T07:23:44.248Z,98,100,100,100,901,1959,3643,0,0,1959,0.9 s,2.0 s,3.6 s,0 ms,0,success,
https://b2bindustrial.in/services/earthing-audit,desktop,,2026-07-14T07:24:00.311Z,,,,,,,,,,,,,,,,failed,"PageSpeed API returned 500: {
  ""error"": {
    ""code"": 500,
    ""message"": ""Lighthouse returned error: Something went wrong."",
    ""errors"": [
      {
        ""message"": ""Lighthouse returned error: Something went wrong."",
        ""domain"": ""lighthouse"",
        ""reason"": ""lighthouseError""
      }
    ]
  }
}
"
https://b2bindustrial.in/services/earthing-projects,mobile,https://b2bindustrial.in/services/earthing-projects,2026-07-14T07:24:04.671Z,100,100,100,100,902,1502,2395,0,0,1502,0.9 s,1.5 s,2.4 s,0 ms,0,success,
https://b2bindustrial.in/services/earthing-projects,desktop,https://b2bindustrial.in/services/earthing-projects,2026-07-14T07:24:18.995Z,97,100,100,100,287,399,1715,0,0,399,0.3 s,0.4 s,1.7 s,0 ms,0,success,
https://b2bindustrial.in/services/electrical-compliance,mobile,https://b2bindustrial.in/services/electrical-compliance,2026-07-14T07:24:37.034Z,100,100,100,100,901,1659,2302,0,0,1659,0.9 s,1.7 s,2.3 s,0 ms,0,success,
https://b2bindustrial.in/services/electrical-compliance,desktop,https://b2bindustrial.in/services/electrical-compliance,2026-07-14T07:24:50.809Z,100,100,100,100,267,347,856,0,0,347,0.3 s,0.3 s,0.9 s,0 ms,0,success,
https://b2bindustrial.in/services/electrical-projects,mobile,https://b2bindustrial.in/services/electrical-projects,2026-07-14T07:25:05.382Z,100,100,100,100,901,1360,1974,0,0,1360,0.9 s,1.4 s,2.0 s,0 ms,0,success,
https://b2bindustrial.in/services/electrical-projects,desktop,https://b2bindustrial.in/services/electrical-projects,2026-07-14T07:25:19.280Z,100,100,100,100,242,380,1039,0,0.002362586686856879,380,0.2 s,0.4 s,1.0 s,0 ms,0.002,success,
https://b2bindustrial.in/services/electrical-safety-audit,mobile,https://b2bindustrial.in/services/electrical-safety-audit,2026-07-14T07:25:34.180Z,100,100,100,100,923,1223,2242,0,0,1223,0.9 s,1.2 s,2.2 s,0 ms,0,success,
https://b2bindustrial.in/services/electrical-safety-audit,desktop,https://b2bindustrial.in/services/electrical-safety-audit,2026-07-14T07:25:48.621Z,100,100,100,100,242,370,1101,0,0.002362586686856879,370,0.2 s,0.4 s,1.1 s,0 ms,0.002,success,
https://b2bindustrial.in/services/electrical-safety,mobile,https://b2bindustrial.in/services/electrical-safety,2026-07-14T07:26:05.134Z,92,100,100,100,901,1512,8560,0,0,1512,0.9 s,1.5 s,8.6 s,0 ms,0,success,
https://b2bindustrial.in/services/electrical-safety,desktop,https://b2bindustrial.in/services/electrical-safety,2026-07-14T07:26:25.749Z,100,100,100,100,241,368,966,0,0.002362586686856879,368,0.2 s,0.4 s,1.0 s,0 ms,0.002,success,
https://b2bindustrial.in/services/electrical-sales,mobile,https://b2bindustrial.in/services/electrical-sales,2026-07-14T07:26:39.776Z,100,100,100,100,901,901,1535,0,0,901,0.9 s,0.9 s,1.5 s,0 ms,0,success,
https://b2bindustrial.in/services/electrical-sales,desktop,https://b2bindustrial.in/services/electrical-sales,2026-07-14T07:26:52.214Z,100,100,100,100,242,381,962,0,0.002362586686856879,381,0.2 s,0.4 s,1.0 s,0 ms,0.002,success,
https://b2bindustrial.in/services/electrical-thermography,mobile,https://b2bindustrial.in/services/electrical-thermography,2026-07-14T07:27:06.947Z,100,100,100,100,901,1509,2125,0,0,1509,0.9 s,1.5 s,2.1 s,0 ms,0,success,
https://b2bindustrial.in/services/electrical-thermography,desktop,https://b2bindustrial.in/services/electrical-thermography,2026-07-14T07:27:22.217Z,100,100,100,100,242,367,937,0,0.002362586686856879,367,0.2 s,0.4 s,0.9 s,0 ms,0.002,success,
https://b2bindustrial.in/services/emergency-preparedness,mobile,https://b2bindustrial.in/services/emergency-preparedness,2026-07-14T07:27:37.513Z,99,100,100,100,937,1987,2469,0,0,1987,0.9 s,2.0 s,2.5 s,0 ms,0,success,
https://b2bindustrial.in/services/emergency-preparedness,desktop,https://b2bindustrial.in/services/emergency-preparedness,2026-07-14T07:27:52.763Z,100,100,100,100,264,424,894,0,0,424,0.3 s,0.4 s,0.9 s,0 ms,0,success,
https://b2bindustrial.in/services/emission-control,mobile,https://b2bindustrial.in/services/emission-control,2026-07-14T07:28:07.983Z,98,100,100,100,943,1693,4058,0,0,1693,0.9 s,1.7 s,4.1 s,0 ms,0,success,
https://b2bindustrial.in/services/emission-control,desktop,https://b2bindustrial.in/services/emission-control,2026-07-14T07:28:25.403Z,100,100,100,100,307,420,1052,8,0,420,0.3 s,0.4 s,1.1 s,10 ms,0,success,
https://b2bindustrial.in/services/energy-audits,mobile,https://b2bindustrial.in/services/energy-audits,2026-07-14T07:28:42.160Z,97,100,100,100,948,2006,4400,0,0,2006,0.9 s,2.0 s,4.4 s,0 ms,0,success,
https://b2bindustrial.in/services/energy-audits,desktop,https://b2bindustrial.in/services/energy-audits,2026-07-14T07:28:57.870Z,100,100,100,100,241,361,876,0,0.002362586686856879,361,0.2 s,0.4 s,0.9 s,0 ms,0.002,success,
https://b2bindustrial.in/services/energy-saving-projects,mobile,https://b2bindustrial.in/services/energy-saving-projects,2026-07-14T07:29:10.966Z,100,100,100,100,902,902,1804,0,0,902,0.9 s,0.9 s,1.8 s,0 ms,0,success,
https://b2bindustrial.in/services/energy-saving-projects,desktop,https://b2bindustrial.in/services/energy-saving-projects,2026-07-14T07:29:24.275Z,100,100,100,100,242,499,963,0,0.002362586686856879,499,0.2 s,0.5 s,1.0 s,0 ms,0.002,success,
https://b2bindustrial.in/services/environment-compliances,mobile,https://b2bindustrial.in/services/environment-compliances,2026-07-14T07:29:40.195Z,97,100,100,100,901,2404,2530,0,0,2404,0.9 s,2.4 s,2.5 s,0 ms,0,success,
https://b2bindustrial.in/services/environment-compliances,desktop,https://b2bindustrial.in/services/environment-compliances,2026-07-14T07:29:55.755Z,96,100,100,100,258,498,2137,0,0,498,0.3 s,0.5 s,2.1 s,0 ms,0,success,
https://b2bindustrial.in/services/ergonomics,mobile,https://b2bindustrial.in/services/ergonomics,2026-07-14T07:30:11.339Z,99,100,100,100,901,1969,2069,0,0,1969,0.9 s,2.0 s,2.1 s,0 ms,0,success,
https://b2bindustrial.in/services/ergonomics,desktop,https://b2bindustrial.in/services/ergonomics,2026-07-14T07:30:24.865Z,100,100,100,100,241,448,946,0,0.002362586686856879,448,0.2 s,0.4 s,0.9 s,0 ms,0.002,success,
https://b2bindustrial.in/services/ev-charging,mobile,https://b2bindustrial.in/services/ev-charging,2026-07-14T07:30:39.400Z,100,100,100,100,901,1520,2178,0,0,1520,0.9 s,1.5 s,2.2 s,0 ms,0,success,
https://b2bindustrial.in/services/ev-charging,desktop,https://b2bindustrial.in/services/ev-charging,2026-07-14T07:30:55.009Z,100,100,100,100,242,378,882,0,0.002362586686856879,378,0.2 s,0.4 s,0.9 s,0 ms,0.002,success,
https://b2bindustrial.in/services/execution-recommendations,mobile,https://b2bindustrial.in/services/execution-recommendations,2026-07-14T07:31:10.057Z,99,100,100,100,901,1808,2185,0,0,1808,0.9 s,1.8 s,2.2 s,0 ms,0,success,
https://b2bindustrial.in/services/execution-recommendations,desktop,https://b2bindustrial.in/services/execution-recommendations,2026-07-14T07:31:25.879Z,96,100,100,100,392,558,2004,0,0.002362586686856879,558,0.4 s,0.6 s,2.0 s,0 ms,0.002,success,
https://b2bindustrial.in/services/featured-products,mobile,https://b2bindustrial.in/services/featured-products,2026-07-14T07:31:44.847Z,99,100,100,100,921,2121,2571,0,0,2121,0.9 s,2.1 s,2.6 s,0 ms,0,success,
https://b2bindustrial.in/services/featured-products,desktop,https://b2bindustrial.in/services/featured-products,2026-07-14T07:31:59.290Z,96,100,100,100,241,448,2076,0,0.002362586686856879,448,0.2 s,0.4 s,2.1 s,0 ms,0.002,success,
https://b2bindustrial.in/services/fire-compliance,mobile,https://b2bindustrial.in/services/fire-compliance,2026-07-14T07:32:17.862Z,99,100,100,100,940,1990,2612,0,0,1990,0.9 s,2.0 s,2.6 s,0 ms,0,success,
https://b2bindustrial.in/services/fire-compliance,desktop,https://b2bindustrial.in/services/fire-compliance,2026-07-14T07:32:33.427Z,100,100,100,100,295,488,1020,0,0,488,0.3 s,0.5 s,1.0 s,0 ms,0,success,
https://b2bindustrial.in/services/fire-detection,mobile,https://b2bindustrial.in/services/fire-detection,2026-07-14T07:32:50.992Z,99,100,100,100,940,1990,2465,0,0,1990,0.9 s,2.0 s,2.5 s,0 ms,0,success,
https://b2bindustrial.in/services/fire-detection,desktop,https://b2bindustrial.in/services/fire-detection,2026-07-14T07:33:07.433Z,100,100,100,100,242,362,757,0,0.002362586686856879,362,0.2 s,0.4 s,0.8 s,0 ms,0.002,success,
https://b2bindustrial.in/services/fire-doors,mobile,https://b2bindustrial.in/services/fire-doors,2026-07-14T07:33:21.536Z,99,100,100,100,901,1968,2048,0,0,1968,0.9 s,2.0 s,2.0 s,0 ms,0,success,
https://b2bindustrial.in/services/fire-doors,desktop,https://b2bindustrial.in/services/fire-doors,2026-07-14T07:33:35.628Z,100,100,100,100,242,448,995,0,0.002362586686856879,448,0.2 s,0.4 s,1.0 s,0 ms,0.002,success,
https://b2bindustrial.in/services/fire-extinguishers,mobile,https://b2bindustrial.in/services/fire-extinguishers,2026-07-14T07:33:50.790Z,100,100,100,100,902,1652,2222,0,0,1652,0.9 s,1.7 s,2.2 s,0 ms,0,success,
https://b2bindustrial.in/services/fire-extinguishers,desktop,https://b2bindustrial.in/services/fire-extinguishers,2026-07-14T07:34:07.063Z,100,100,100,100,277,452,995,0,0,452,0.3 s,0.5 s,1.0 s,0 ms,0,success,
https://b2bindustrial.in/services/fire-life-safety,mobile,https://b2bindustrial.in/services/fire-life-safety,2026-07-14T07:34:23.453Z,99,100,100,100,901,1972,2508,0,0,1972,0.9 s,2.0 s,2.5 s,0 ms,0,success,
https://b2bindustrial.in/services/fire-life-safety,desktop,https://b2bindustrial.in/services/fire-life-safety,2026-07-14T07:34:39.647Z,100,100,100,100,242,442,813,0,0.002362586686856879,442,0.2 s,0.4 s,0.8 s,0 ms,0.002,success,
https://b2bindustrial.in/services/fire-load-study,mobile,https://b2bindustrial.in/services/fire-load-study,2026-07-14T07:34:52.476Z,99,100,100,100,901,1972,2585,0,0,1972,0.9 s,2.0 s,2.6 s,0 ms,0,success,
https://b2bindustrial.in/services/fire-load-study,desktop,https://b2bindustrial.in/services/fire-load-study,2026-07-14T07:35:07.048Z,100,100,100,100,289,497,933,0,0.002362586686856879,497,0.3 s,0.5 s,0.9 s,0 ms,0.002,success,
https://b2bindustrial.in/services/fire-noc,mobile,https://b2bindustrial.in/services/fire-noc,2026-07-14T07:35:20.805Z,100,100,100,100,902,1652,2385,0,0,1652,0.9 s,1.7 s,2.4 s,0 ms,0,success,
https://b2bindustrial.in/services/fire-noc,desktop,https://b2bindustrial.in/services/fire-noc,2026-07-14T07:35:34.623Z,100,100,100,100,242,449,962,0,0.002362586686856879,449,0.2 s,0.4 s,1.0 s,0 ms,0.002,success,
https://b2bindustrial.in/services/fire-projects,mobile,https://b2bindustrial.in/services/fire-projects,2026-07-14T07:35:47.957Z,99,100,100,100,925,1975,2248,0,0,1975,0.9 s,2.0 s,2.2 s,0 ms,0,success,
https://b2bindustrial.in/services/fire-projects,desktop,https://b2bindustrial.in/services/fire-projects,2026-07-14T07:36:01.116Z,100,100,100,100,242,402,808,0,0.002362586686856879,402,0.2 s,0.4 s,0.8 s,0 ms,0.002,success,
https://b2bindustrial.in/services/first-aid-facilities,mobile,https://b2bindustrial.in/services/first-aid-facilities,2026-07-14T07:36:14.879Z,100,100,100,100,937,1237,2273,0,0,1237,0.9 s,1.2 s,2.3 s,0 ms,0,success,
https://b2bindustrial.in/services/first-aid-facilities,desktop,https://b2bindustrial.in/services/first-aid-facilities,2026-07-14T07:36:29.412Z,100,100,100,100,242,449,926,0,0.002362586686856879,449,0.2 s,0.4 s,0.9 s,0 ms,0.002,success,
https://b2bindustrial.in/services/fm200,mobile,https://b2bindustrial.in/services/fm200,2026-07-14T07:36:44.581Z,99,100,100,100,901,1958,2043,0,0,1958,0.9 s,2.0 s,2.0 s,0 ms,0,success,
https://b2bindustrial.in/services/fm200,desktop,https://b2bindustrial.in/services/fm200,2026-07-14T07:36:59.399Z,99,100,100,100,262,601,1229,0,0,601,0.3 s,0.6 s,1.2 s,0 ms,0,success,
https://b2bindustrial.in/services/gas-dg,mobile,https://b2bindustrial.in/services/gas-dg,2026-07-14T07:37:13.837Z,100,100,100,100,902,902,2177,0,0,902,0.9 s,0.9 s,2.2 s,0 ms,0,success,
https://b2bindustrial.in/services/gas-dg,desktop,https://b2bindustrial.in/services/gas-dg,2026-07-14T07:37:28.418Z,100,100,100,100,242,410,1076,0,0.002362586686856879,410,0.2 s,0.4 s,1.1 s,0 ms,0.002,success,
https://b2bindustrial.in/services/harmonic-analysis,mobile,,2026-07-14T07:37:40.152Z,,,,,,,,,,,,,,,,failed,"PageSpeed API returned 500: {
  ""error"": {
    ""code"": 500,
    ""message"": ""Lighthouse returned error: Something went wrong."",
    ""errors"": [
      {
        ""message"": ""Lighthouse returned error: Something went wrong."",
        ""domain"": ""lighthouse"",
        ""reason"": ""lighthouseError""
      }
    ]
  }
}
"
https://b2bindustrial.in/services/harmonic-analysis,desktop,https://b2bindustrial.in/services/harmonic-analysis,2026-07-14T07:37:45.288Z,100,100,100,100,241,444,1026,0,0.002362586686856879,444,0.2 s,0.4 s,1.0 s,0 ms,0.002,success,
https://b2bindustrial.in/services/hira,mobile,https://b2bindustrial.in/services/hira,2026-07-14T07:38:00.277Z,99,100,100,100,948,1998,2968,0,0,1998,0.9 s,2.0 s,3.0 s,0 ms,0,success,
https://b2bindustrial.in/services/hira,desktop,https://b2bindustrial.in/services/hira,2026-07-14T07:38:16.526Z,100,100,100,100,280,520,1001,0,0,520,0.3 s,0.5 s,1.0 s,0 ms,0,success,
https://b2bindustrial.in/services/hvac-design,mobile,https://b2bindustrial.in/services/hvac-design,2026-07-14T07:38:31.620Z,98,100,100,100,923,2123,3007,0,0,2123,0.9 s,2.1 s,3.0 s,0 ms,0,success,
https://b2bindustrial.in/services/hvac-design,desktop,https://b2bindustrial.in/services/hvac-design,2026-07-14T07:38:46.967Z,96,100,100,100,241,458,2053,0,0.002362586686856879,458,0.2 s,0.5 s,2.1 s,0 ms,0.002,success,
https://b2bindustrial.in/services/hvac-installation,mobile,https://b2bindustrial.in/services/hvac-installation,2026-07-14T07:39:04.367Z,99,100,100,100,902,2110,2233,0,0,2110,0.9 s,2.1 s,2.2 s,0 ms,0,success,
https://b2bindustrial.in/services/hvac-installation,desktop,https://b2bindustrial.in/services/hvac-installation,2026-07-14T07:39:18.721Z,100,100,100,100,242,581,971,0,0.002362586686856879,581,0.2 s,0.6 s,1.0 s,0 ms,0.002,success,
https://b2bindustrial.in/services/hvac-projects,mobile,https://b2bindustrial.in/services/hvac-projects,2026-07-14T07:39:34.008Z,92,100,100,92,1069,3319,2976,0,0,3319,1.1 s,3.3 s,3.0 s,0 ms,0,success,
https://b2bindustrial.in/services/hvac-projects,desktop,https://b2bindustrial.in/services/hvac-projects,2026-07-14T07:39:48.267Z,99,100,100,92,241,601,1193,0,0.002362586686856879,601,0.2 s,0.6 s,1.2 s,0 ms,0.002,success,
https://b2bindustrial.in/services/incident-reporting,mobile,https://b2bindustrial.in/services/incident-reporting,2026-07-14T07:40:01.734Z,99,100,100,100,939,1997,2588,0,0,1997,0.9 s,2.0 s,2.6 s,0 ms,0,success,
https://b2bindustrial.in/services/incident-reporting,desktop,https://b2bindustrial.in/services/incident-reporting,2026-07-14T07:40:17.192Z,100,100,100,100,242,528,926,0,0.002362586686856879,528,0.2 s,0.5 s,0.9 s,0 ms,0.002,success,
https://b2bindustrial.in/services/industrial-lighting,mobile,https://b2bindustrial.in/services/industrial-lighting,2026-07-14T07:40:35.226Z,98,100,100,100,901,2401,2141,0,0,2401,0.9 s,2.4 s,2.1 s,0 ms,0,success,
https://b2bindustrial.in/services/industrial-lighting,desktop,https://b2bindustrial.in/services/industrial-lighting,2026-07-14T07:40:49.703Z,100,100,100,100,242,534,910,0,0.002362586686856879,534,0.2 s,0.5 s,0.9 s,0 ms,0.002,success,
https://b2bindustrial.in/services/interior-design,mobile,https://b2bindustrial.in/services/interior-design,2026-07-14T07:41:04.623Z,100,100,100,100,1020,1770,1935,0,0,1770,1.0 s,1.8 s,1.9 s,0 ms,0,success,
https://b2bindustrial.in/services/interior-design,desktop,https://b2bindustrial.in/services/interior-design,2026-07-14T07:41:19.022Z,100,100,100,100,242,418,1038,0,0.002362586686856879,418,0.2 s,0.4 s,1.0 s,0 ms,0.002,success,
https://b2bindustrial.in/services/lift-noc,mobile,https://b2bindustrial.in/services/lift-noc,2026-07-14T07:41:34.779Z,95,100,100,100,929,2429,4609,0,0,2429,0.9 s,2.4 s,4.6 s,0 ms,0,success,
https://b2bindustrial.in/services/lift-noc,desktop,https://b2bindustrial.in/services/lift-noc,2026-07-14T07:41:49.539Z,100,100,100,100,241,486,1048,0,0.002362586686856879,486,0.2 s,0.5 s,1.0 s,0 ms,0.002,success,
https://b2bindustrial.in/services/lighting-projects,mobile,https://b2bindustrial.in/services/lighting-projects,2026-07-14T07:42:04.336Z,97,100,100,100,901,2101,3819,0,0,2101,0.9 s,2.1 s,3.8 s,0 ms,0,success,
https://b2bindustrial.in/services/lighting-projects,desktop,https://b2bindustrial.in/services/lighting-projects,2026-07-14T07:42:21.852Z,99,100,100,100,241,649,1232,0,0.002362586686856879,649,0.2 s,0.6 s,1.2 s,0 ms,0.002,success,
https://b2bindustrial.in/services/lightning-protection,mobile,https://b2bindustrial.in/services/lightning-protection,2026-07-14T07:42:36.572Z,100,100,100,100,901,1201,1956,0,0,1201,0.9 s,1.2 s,2.0 s,0 ms,0,success,
https://b2bindustrial.in/services/lightning-protection,desktop,https://b2bindustrial.in/services/lightning-protection,2026-07-14T07:42:50.857Z,100,100,100,100,242,365,1044,0,0.002362586686856879,365,0.2 s,0.4 s,1.0 s,0 ms,0.002,success,
https://b2bindustrial.in/services/mcd-noc,mobile,https://b2bindustrial.in/services/mcd-noc,2026-07-14T07:43:05.145Z,99,100,100,100,917,1667,2654,0,0,1667,0.9 s,1.7 s,2.7 s,0 ms,0,success,
https://b2bindustrial.in/services/mcd-noc,desktop,https://b2bindustrial.in/services/mcd-noc,2026-07-14T07:43:18.285Z,100,100,100,100,242,369,890,0,0.002362586686856879,369,0.2 s,0.4 s,0.9 s,0 ms,0.002,success,
https://b2bindustrial.in/services/nabl-testing,mobile,https://b2bindustrial.in/services/nabl-testing,2026-07-14T07:43:32.038Z,99,100,100,100,901,1965,2184,0,0,1965,0.9 s,2.0 s,2.2 s,0 ms,0,success,
https://b2bindustrial.in/services/nabl-testing,desktop,https://b2bindustrial.in/services/nabl-testing,2026-07-14T07:43:46.035Z,100,100,100,100,242,487,884,0,0.002362586686856879,487,0.2 s,0.5 s,0.9 s,0 ms,0.002,success,
https://b2bindustrial.in/services/occupational-health,mobile,https://b2bindustrial.in/services/occupational-health,2026-07-14T07:44:00.256Z,100,100,100,100,902,902,2333,0,0,902,0.9 s,0.9 s,2.3 s,0 ms,0,success,
https://b2bindustrial.in/services/occupational-health,desktop,https://b2bindustrial.in/services/occupational-health,2026-07-14T07:44:15.419Z,100,100,100,100,241,457,885,0,0.002362586686856879,457,0.2 s,0.5 s,0.9 s,0 ms,0.002,success,
https://b2bindustrial.in/services/ocems,mobile,https://b2bindustrial.in/services/ocems,2026-07-14T07:44:29.885Z,100,100,100,100,925,1375,2122,0,0,1375,0.9 s,1.4 s,2.1 s,0 ms,0,success,
https://b2bindustrial.in/services/ocems,desktop,https://b2bindustrial.in/services/ocems,2026-07-14T07:44:45.295Z,100,100,100,100,290,444,1025,0,0.002362586686856879,444,0.3 s,0.4 s,1.0 s,0 ms,0.002,success,
https://b2bindustrial.in/services/office-lighting,mobile,https://b2bindustrial.in/services/office-lighting,2026-07-14T07:45:03.975Z,97,100,100,100,931,2431,2846,0,0,2431,0.9 s,2.4 s,2.8 s,0 ms,0,success,
https://b2bindustrial.in/services/office-lighting,desktop,https://b2bindustrial.in/services/office-lighting,2026-07-14T07:45:18.420Z,99,100,100,100,245,614,978,0,0.002362586686856879,614,0.2 s,0.6 s,1.0 s,0 ms,0.002,success,
https://b2bindustrial.in/services/outdoor-lighting,mobile,https://b2bindustrial.in/services/outdoor-lighting,2026-07-14T07:45:33.338Z,98,100,100,100,901,2420,2329,0,0,2420,0.9 s,2.4 s,2.3 s,0 ms,0,success,
https://b2bindustrial.in/services/outdoor-lighting,desktop,https://b2bindustrial.in/services/outdoor-lighting,2026-07-14T07:45:48.680Z,99,100,100,100,279,558,1293,0,0,558,0.3 s,0.6 s,1.3 s,0 ms,0,success,
https://b2bindustrial.in/services/panel-projects,mobile,https://b2bindustrial.in/services/panel-projects,2026-07-14T07:46:05.241Z,100,100,100,100,902,902,2002,0,0,902,0.9 s,0.9 s,2.0 s,0 ms,0,success,
https://b2bindustrial.in/services/panel-projects,desktop,https://b2bindustrial.in/services/panel-projects,2026-07-14T07:46:18.658Z,98,100,100,100,241,376,1583,0,0.002362586686856879,376,0.2 s,0.4 s,1.6 s,0 ms,0.002,success,
https://b2bindustrial.in/services/permit-to-work,mobile,https://b2bindustrial.in/services/permit-to-work,2026-07-14T07:46:35.420Z,95,100,100,92,902,2862,2535,0,0,2862,0.9 s,2.9 s,2.5 s,0 ms,0,success,
https://b2bindustrial.in/services/permit-to-work,desktop,https://b2bindustrial.in/services/permit-to-work,2026-07-14T07:46:49.876Z,99,100,100,92,242,567,1141,0,0.002362586686856879,567,0.2 s,0.6 s,1.1 s,0 ms,0.002,success,
https://b2bindustrial.in/services/poles-designer-lights,mobile,https://b2bindustrial.in/services/poles-designer-lights,2026-07-14T07:47:04.674Z,100,100,100,100,901,1218,2646,0,0,1218,0.9 s,1.2 s,2.6 s,0 ms,0,success,
https://b2bindustrial.in/services/poles-designer-lights,desktop,https://b2bindustrial.in/services/poles-designer-lights,2026-07-14T07:47:19.990Z,99,100,100,100,242,607,976,0,0.002362586686856879,607,0.2 s,0.6 s,1.0 s,0 ms,0.002,success,
https://b2bindustrial.in/services/posh-training,mobile,https://b2bindustrial.in/services/posh-training,2026-07-14T07:47:34.719Z,99,100,100,100,901,1968,2820,0,0,1968,0.9 s,2.0 s,2.8 s,0 ms,0,success,
https://b2bindustrial.in/services/posh-training,desktop,https://b2bindustrial.in/services/posh-training,2026-07-14T07:47:52.390Z,97,100,100,100,283,522,1847,0,0,522,0.3 s,0.5 s,1.8 s,0 ms,0,success,
https://b2bindustrial.in/services/power-quality-analysis,mobile,https://b2bindustrial.in/services/power-quality-analysis,2026-07-14T07:48:11.498Z,99,100,100,100,933,1983,2859,0,0,1983,0.9 s,2.0 s,2.9 s,0 ms,0,success,
https://b2bindustrial.in/services/power-quality-analysis,desktop,https://b2bindustrial.in/services/power-quality-analysis,2026-07-14T07:48:27.076Z,100,100,100,100,275,435,1011,0,0,435,0.3 s,0.4 s,1.0 s,0 ms,0,success,
https://b2bindustrial.in/services/power-quality-audit,mobile,https://b2bindustrial.in/services/power-quality-audit,2026-07-14T07:48:45.138Z,99,100,100,100,902,1966,2846,0,0,1967,0.9 s,2.0 s,2.8 s,0 ms,0,success,
https://b2bindustrial.in/services/power-quality-audit,desktop,https://b2bindustrial.in/services/power-quality-audit,2026-07-14T07:49:01.915Z,100,100,100,100,333,512,1055,21,0,512,0.3 s,0.5 s,1.1 s,20 ms,0,success,
https://b2bindustrial.in/services/process-safety,mobile,https://b2bindustrial.in/services/process-safety,2026-07-14T07:49:27.432Z,99,100,100,100,901,1801,2010,0,0,1801,0.9 s,1.8 s,2.0 s,0 ms,0,success,
https://b2bindustrial.in/services/process-safety,desktop,https://b2bindustrial.in/services/process-safety,2026-07-14T07:49:40.338Z,100,100,100,100,242,450,937,0,0.002362586686856879,450,0.2 s,0.4 s,0.9 s,0 ms,0.002,success,
https://b2bindustrial.in/services/project-management,mobile,https://b2bindustrial.in/services/project-management,2026-07-14T07:49:53.257Z,99,100,100,100,926,1826,3009,0,0,1826,0.9 s,1.8 s,3.0 s,0 ms,0,success,
https://b2bindustrial.in/services/project-management,desktop,https://b2bindustrial.in/services/project-management,2026-07-14T07:50:08.273Z,100,100,100,100,242,422,979,0,0.002362586686856879,422,0.2 s,0.4 s,1.0 s,0 ms,0.002,success,
https://b2bindustrial.in/services/public-address,mobile,https://b2bindustrial.in/services/public-address,2026-07-14T07:50:24.019Z,100,100,100,100,902,1652,2035,0,0,1652,0.9 s,1.7 s,2.0 s,0 ms,0,success,
https://b2bindustrial.in/services/public-address,desktop,https://b2bindustrial.in/services/public-address,2026-07-14T07:50:38.630Z,100,100,100,100,242,452,1052,0,0.002362586686856879,452,0.2 s,0.5 s,1.1 s,0 ms,0.002,success,
https://b2bindustrial.in/services/recd-kit,mobile,https://b2bindustrial.in/services/recd-kit,2026-07-14T07:50:52.521Z,100,100,100,100,901,1351,1798,0,0,1351,0.9 s,1.4 s,1.8 s,0 ms,0,success,
https://b2bindustrial.in/services/recd-kit,desktop,https://b2bindustrial.in/services/recd-kit,2026-07-14T07:51:05.070Z,100,100,100,100,241,361,806,0,0.002362586686856879,361,0.2 s,0.4 s,0.8 s,0 ms,0.002,success,
https://b2bindustrial.in/services/renewable-energy,mobile,https://b2bindustrial.in/services/renewable-energy,2026-07-14T07:51:19.213Z,100,100,100,100,901,918,2208,0,0,918,0.9 s,0.9 s,2.2 s,0 ms,0,success,
https://b2bindustrial.in/services/renewable-energy,desktop,https://b2bindustrial.in/services/renewable-energy,2026-07-14T07:51:33.643Z,100,100,100,100,241,449,764,0,0.002362586686856879,449,0.2 s,0.4 s,0.8 s,0 ms,0.002,success,
https://b2bindustrial.in/services/repair-maintenance,mobile,https://b2bindustrial.in/services/repair-maintenance,2026-07-14T07:51:48.669Z,99,100,100,100,968,1868,2915,16,0,1868,1.0 s,1.9 s,2.9 s,20 ms,0,success,
https://b2bindustrial.in/services/repair-maintenance,desktop,https://b2bindustrial.in/services/repair-maintenance,2026-07-14T07:52:06.669Z,100,100,100,100,242,416,1004,0,0.002362586686856879,416,0.2 s,0.4 s,1.0 s,0 ms,0.002,success,
https://b2bindustrial.in/services/risk-management,mobile,https://b2bindustrial.in/services/risk-management,2026-07-14T07:52:22.750Z,100,100,100,100,901,1051,2168,0,0,1051,0.9 s,1.1 s,2.2 s,0 ms,0,success,
https://b2bindustrial.in/services/risk-management,desktop,https://b2bindustrial.in/services/risk-management,2026-07-14T07:52:39.062Z,100,100,100,100,276,475,965,0,0,475,0.3 s,0.5 s,1.0 s,0 ms,0,success,
https://b2bindustrial.in/services/smart-lighting,mobile,https://b2bindustrial.in/services/smart-lighting,2026-07-14T07:52:54.236Z,97,100,100,100,921,2421,2551,0,0,2421,0.9 s,2.4 s,2.6 s,0 ms,0,success,
https://b2bindustrial.in/services/smart-lighting,desktop,https://b2bindustrial.in/services/smart-lighting,2026-07-14T07:53:08.187Z,98,100,100,100,241,481,1652,0,0.002362586686856879,481,0.2 s,0.5 s,1.7 s,0 ms,0.002,success,
https://b2bindustrial.in/services/solar-lighting,mobile,https://b2bindustrial.in/services/solar-lighting,2026-07-14T07:53:23.347Z,100,100,100,100,928,928,2548,0,0,928,0.9 s,0.9 s,2.5 s,0 ms,0,success,
https://b2bindustrial.in/services/solar-lighting,desktop,https://b2bindustrial.in/services/solar-lighting,2026-07-14T07:53:37.180Z,100,100,100,100,242,442,826,0,0.002362586686856879,442,0.2 s,0.4 s,0.8 s,0 ms,0.002,success,
https://b2bindustrial.in/services/solar-projects,mobile,https://b2bindustrial.in/services/solar-projects,2026-07-14T07:53:51.621Z,99,100,100,92,926,2126,2234,0,0,2126,0.9 s,2.1 s,2.2 s,0 ms,0,success,
https://b2bindustrial.in/services/solar-projects,desktop,https://b2bindustrial.in/services/solar-projects,2026-07-14T07:54:05.938Z,98,100,100,92,289,512,1690,0,0,512,0.3 s,0.5 s,1.7 s,0 ms,0,success,
https://b2bindustrial.in/services/stack-cleaning,mobile,https://b2bindustrial.in/services/stack-cleaning,2026-07-14T07:54:22.253Z,100,100,100,100,901,1227,2172,0,0,1227,0.9 s,1.2 s,2.2 s,0 ms,0,success,
https://b2bindustrial.in/services/stack-cleaning,desktop,https://b2bindustrial.in/services/stack-cleaning,2026-07-14T07:54:41.696Z,100,100,100,100,242,379,869,0,0.002362586686856879,379,0.2 s,0.4 s,0.9 s,0 ms,0.002,success,
https://b2bindustrial.in/services/stack-emission,mobile,https://b2bindustrial.in/services/stack-emission,2026-07-14T07:54:58.368Z,100,100,100,100,938,1688,2220,0,0,1688,0.9 s,1.7 s,2.2 s,0 ms,0,success,
https://b2bindustrial.in/services/stack-emission,desktop,https://b2bindustrial.in/services/stack-emission,2026-07-14T07:55:12.961Z,100,100,100,100,277,390,1050,0,0,390,0.3 s,0.4 s,1.1 s,0 ms,0,success,
https://b2bindustrial.in/services/steam-analysis,mobile,https://b2bindustrial.in/services/steam-analysis,2026-07-14T07:55:27.559Z,100,100,100,100,924,1224,2213,0,0,1224,0.9 s,1.2 s,2.2 s,0 ms,0,success,
https://b2bindustrial.in/services/steam-analysis,desktop,https://b2bindustrial.in/services/steam-analysis,2026-07-14T07:55:42.414Z,100,100,100,100,242,502,1045,0,0.002362586686856879,502,0.2 s,0.5 s,1.0 s,0 ms,0.002,success,
https://b2bindustrial.in/services/tbt,mobile,https://b2bindustrial.in/services/tbt,2026-07-14T07:56:00.986Z,99,100,100,100,902,1952,2282,0,0,1952,0.9 s,2.0 s,2.3 s,0 ms,0,success,
https://b2bindustrial.in/services/tbt,desktop,https://b2bindustrial.in/services/tbt,2026-07-14T07:56:14.278Z,99,100,100,100,243,460,1142,0,0.002362586686856879,460,0.2 s,0.5 s,1.1 s,0 ms,0.002,success,
https://b2bindustrial.in/services/thermography,mobile,https://b2bindustrial.in/services/thermography,2026-07-14T07:56:29.416Z,100,100,100,100,902,1209,2237,0,0,1209,0.9 s,1.2 s,2.2 s,0 ms,0,success,
https://b2bindustrial.in/services/thermography,desktop,https://b2bindustrial.in/services/thermography,2026-07-14T07:56:43.349Z,100,100,100,100,242,362,624,0,0.002362586686856879,362,0.2 s,0.4 s,0.6 s,0 ms,0.002,success,
https://b2bindustrial.in/services/transformer-dehydration,mobile,https://b2bindustrial.in/services/transformer-dehydration,2026-07-14T07:56:56.345Z,100,100,100,100,948,1548,2184,0,0,1548,0.9 s,1.5 s,2.2 s,0 ms,0,success,
https://b2bindustrial.in/services/transformer-dehydration,desktop,https://b2bindustrial.in/services/transformer-dehydration,2026-07-14T07:57:11.362Z,100,100,100,100,248,328,933,0,0.002362586686856879,328,0.2 s,0.3 s,0.9 s,0 ms,0.002,success,
https://b2bindustrial.in/services/ventilation-projects,mobile,https://b2bindustrial.in/services/ventilation-projects,2026-07-14T07:57:26.293Z,100,100,100,100,902,1052,2304,0,0,1052,0.9 s,1.1 s,2.3 s,0 ms,0,success,
https://b2bindustrial.in/services/ventilation-projects,desktop,https://b2bindustrial.in/services/ventilation-projects,2026-07-14T07:57:42.233Z,100,100,100,100,241,456,1125,0,0.002362586686856879,456,0.2 s,0.5 s,1.1 s,0 ms,0.002,success,
https://b2bindustrial.in/services/wall-mount-lighting,mobile,https://b2bindustrial.in/services/wall-mount-lighting,2026-07-14T07:57:57.950Z,100,100,100,100,901,1223,2512,0,0,1223,0.9 s,1.2 s,2.5 s,0 ms,0,success,
https://b2bindustrial.in/services/wall-mount-lighting,desktop,https://b2bindustrial.in/services/wall-mount-lighting,2026-07-14T07:58:14.802Z,100,100,100,100,242,488,825,0,0.002362586686856879,488,0.2 s,0.5 s,0.8 s,0 ms,0.002,success,
https://b2bindustrial.in/services/waste-management,mobile,https://b2bindustrial.in/services/waste-management,2026-07-14T07:58:30.188Z,100,100,100,100,901,1679,2516,0,0,1679,0.9 s,1.7 s,2.5 s,0 ms,0,success,
https://b2bindustrial.in/services/waste-management,desktop,https://b2bindustrial.in/services/waste-management,2026-07-14T07:58:47.419Z,100,100,100,100,241,321,784,0,0.002362586686856879,321,0.2 s,0.3 s,0.8 s,0 ms,0.002,success,
https://b2bindustrial.in/services/water-audit,mobile,https://b2bindustrial.in/services/water-audit,2026-07-14T07:59:02.172Z,97,100,100,100,940,2001,4343,0,0,2001,0.9 s,2.0 s,4.3 s,0 ms,0,success,
https://b2bindustrial.in/services/water-audit,desktop,https://b2bindustrial.in/services/water-audit,2026-07-14T07:59:18.321Z,96,100,100,100,241,407,1994,0,0.002362586686856879,407,0.2 s,0.4 s,2.0 s,0 ms,0.002,success,
https://b2bindustrial.in/services/well-being-audit,mobile,https://b2bindustrial.in/services/well-being-audit,2026-07-14T07:59:35.579Z,99,100,100,100,902,1968,2318,0,0,1968,0.9 s,2.0 s,2.3 s,0 ms,0,success,
https://b2bindustrial.in/services/well-being-audit,desktop,https://b2bindustrial.in/services/well-being-audit,2026-07-14T07:59:51.516Z,100,100,100,100,243,460,1006,0,0.002362586686856879,460,0.2 s,0.5 s,1.0 s,0 ms,0.002,success,
https://b2bindustrial.in/terms,mobile,https://b2bindustrial.in/terms,2026-07-14T08:00:08.054Z,100,100,100,100,902,902,2152,0,0,902,0.9 s,0.9 s,2.2 s,0 ms,0,success,
https://b2bindustrial.in/terms,desktop,https://b2bindustrial.in/terms,2026-07-14T08:00:23.695Z,100,100,100,100,299,299,903,0,0,299,0.3 s,0.3 s,0.9 s,0 ms,0,success,
https://b2bindustrial.in/testimonials,mobile,https://b2bindustrial.in/testimonials,2026-07-14T08:00:38.392Z,100,95,100,100,1070,1070,2120,0,0,1070,1.1 s,1.1 s,2.1 s,0 ms,0,success,
https://b2bindustrial.in/testimonials,desktop,https://b2bindustrial.in/testimonials,2026-07-14T08:00:52.047Z,100,95,100,100,242,282,755,0,0.00003906657319547073,282,0.2 s,0.3 s,0.8 s,0 ms,0,success,
https://b2bindustrial.in/tools/,mobile,https://b2bindustrial.in/tools/,2026-07-14T08:01:07.040Z,97,98,100,100,1075,1225,4843,0,0,1225,1.1 s,1.2 s,4.8 s,0 ms,0,success,
https://b2bindustrial.in/tools/,desktop,https://b2bindustrial.in/tools/,2026-07-14T08:01:25.564Z,100,98,100,100,299,299,743,0,0,299,0.3 s,0.3 s,0.7 s,0 ms,0,success,
https://b2bindustrial.in/tools/luxlevel-calculator,mobile,https://b2bindustrial.in/tools/luxlevel-calculator,2026-07-14T08:01:39.330Z,98,96,100,100,1070,1227,4116,0,0,1227,1.1 s,1.2 s,4.1 s,0 ms,0,success,
https://b2bindustrial.in/tools/luxlevel-calculator,desktop,https://b2bindustrial.in/tools/luxlevel-calculator,2026-07-14T08:01:56.102Z,99,96,100,100,429,472,1176,0,0,472,0.4 s,0.5 s,1.2 s,0 ms,0,success,
https://b2bindustrial.in/tools/powerfactor-calculation,mobile,https://b2bindustrial.in/tools/powerfactor-calculation,2026-07-14T08:02:18.291Z,98,95,100,100,942,1242,3823,0,0,1242,0.9 s,1.2 s,3.8 s,0 ms,0,success,
https://b2bindustrial.in/tools/powerfactor-calculation,desktop,https://b2bindustrial.in/tools/powerfactor-calculation,2026-07-14T08:02:35.199Z,100,95,100,100,241,338,775,0,0.002362586686856879,338,0.2 s,0.3 s,0.8 s,0 ms,0.002,success,
https://b2bindustrial.in/tools/tonnage-calculator,mobile,https://b2bindustrial.in/tools/tonnage-calculator,2026-07-14T08:02:49.149Z,97,94,100,100,928,1801,4119,0,0,1801,0.9 s,1.8 s,4.1 s,0 ms,0,success,
https://b2bindustrial.in/tools/tonnage-calculator,desktop,https://b2bindustrial.in/tools/tonnage-calculator,2026-07-14T08:03:03.707Z,100,94,100,100,261,310,963,0,0,310,0.3 s,0.3 s,1.0 s,0 ms,0,success,